"row#","Name","FIPS","Source","Life Expectancy","Self-Reported Physical Health","Self-Reported Mental Health","Opioid Overdose Per 100,000 People","Fatal Drug Overdose","Alcohol Abuse","Suicide Rates","Current Asthma Over Age 18","Stroke","COPD","CHD","Cancer","High Blood Pressure","Cholesterol Screening","Routine Doctor Visit","Colonoscopy","Mammogram","Older Men Preventive Screening","Older Women Preventive Screening","Dental Exams","COVID-19 Deaths","Hepatitis (Medicare Recipients diagnosed)","HIV","Chlamydia","Gonorrhea","Syphillis","Pre-term birth","Childhood Asthma","Teen births","Proximity to Nursing Homes","Number of Hospital Beds per 10,000 people","Medically Underserved Areas","Current Lack of Health Insurance","Proximity to hospitals","Below Poverty","Unemployed","Low Income","No High School Diploma","Crime (Murder Rate Per Capita)","Religious Organizations","Civic and Social Organizations","Aged 65 or Older","Aged 17 or Younger","Civilian with a Disability","Single-Parent Households","Minority","Speaks English Less than Well","Undocumented Population","Hate Crimes","Redlining","Multi-Unit Structures","Mobile Homes","Crowding","No Vehicle","Group Quarters","Housing Foreclosure Risk","Percent of Housing Units Built Between 1940-1969 as of 2015-2019","Percent of Unbanked Households","Payday lending rank","Housing Affordability (renters)","Housing Affordability (owners)","Modified Retail Food Environment Index","Indoor Plumbing","Residential Energy Cost Burden","Share of energy from fossil fuels","EV Charging Stations","Delay (congestion) per capita/census tract","Flooding risk to roads","Lane miles per capita","Road Quality/ Maintenance","Public Transit Performance","Bridge Quality/Maintenance","Walkability","Transit Access","Bikability","Percent of Household with no internet access","Percent of household with smartphone but no other device.","Tax Base: Median Real Estate Taxes Paid","Voter Turnout (2020 Presidential)","Public Library Locations","HUD Public Housing","Total vehicle miles traveled per capita","Passenger vehicle miles traveled per capita","Truck vehicle miles traveled per capita","Heavy Duty Vehicle vehicle miles traveled per capita","Proximity to Ports","Traffic Proximity and Volume","Risk-Screening Environmental Indicators (RSEI)","Respiratory","Neurological","Liver","Developmental","Reproductive","Kidney","Immunological","Thyroid","Total Cancer Risk","Black Carbon","Agricultural pesticides","Lead Paint: Housing units built before 1960 (percent)","Lead in drinking water violations","Superfund Sites","Brownfields","Stream Toxicity Risk-Screening Environmental Indicators (RSEI)","Proximity to facilities participating in air markets","NPL sites","Hazardous Waste Management Facilities (TSDFs)","Hazardous Waste Generator/Incinerators","Facilities with Enforcement/Violation","Landfills","TSCA Facilities","Risk Management Plan Facilities","Chemical Manufacturers","Metal Recyclers","Active Oil and Gas Wells","PM 2.5 concentration","NO2 concentration","Ozone concentration","Parks and Greenspace","Impermeable Surfaces","Forest Land Cover","Native American Lands","Temperature-related mortality","Deaths from climate disasters","Increase in childhood asthma incidence","Increase in childhood asthma ER visits","Increased PM2.5 mortality - CVD (ages 65+)","Increased Ozone mortality (all ages)","Flooding risk to properties","Property taxes expected to be lost by 2045 due to chronic inundation","Cost of climate disasters","Residential Energy Expenditures (% change)","Share of Jobs in Agriculture","State energy-related carbon dioxide emissions by year","Methane Emissions","Property Crimes (% change)","Violent Crimes (% change)","High-Risk Jobs Productivity (% Change)","Yields (% change)","Outdoor workers - work days at risk per year","Expected Annual Loss - Agriculture Value","Expected Annual Loss - Building Value","Expected Annual Loss - Population Equivalence","Cold Wave - Annualized Frequency","Heat Wave - Annualized Frequency","Days with maximum temperature (TX) above 35 C","Days with TX above 40C","Frost Days","Maximum of maximum temperatures","Mean temperature","Urban Heat Island Extreme Heat Days","Coastal Flooding - Annualized Frequency","Riverine Flooding - Annualized Frequency","Sea Level Rise","Hurricane - Annualized Frequency","Tornado - Annualized Frequency","Winter Weather - Annualized Frequency","Drought - Annualized Frequency","Consecutive Dry Days","Wildfire - Annualized Frequency","Surface PM2.5","Snowfall","Standardized Precip Index","Total Precipitation"
1,"AL","01","+32.7396323,-086.8434593",1,0.9,0.94,0.24,0.34,0.04,0.54,0.8,0.98,0.94,0.94,0.630434782608696,0.98,0.96,0.32,0.36,0.12,0.48,0.34,0.86,0.96,0.16,0.88,0.88,0.88,0.84,0.04,0.66,0.92,0.76,0.32,0.7,0.86,0.7,0.96,0.88,0.96,0.96,0.56,0.1,1,0.816326530612245,0.5,0.94,0.72,0.6,0.16,0.32,0,0,0,0.86,0.34,0.58,0,0.68,0.54,0.82,1,0.36,0.24,0.32,0.68,0.673469387755102,0,0.9,0.24,0.78,0.12,0.22,1,1,0.883720930232558,1,0.9,0.96,0.94,1,0.78,0.34,0.68,1,1,0.7,0.96,0.34,0.2,0.8,1,0.08,0.0697674418604651,0.142857142857143,0.204081632653061,0.06,0.133333333333333,0.72,0.468085106382979,0.66,0.54,0.72,0,0.14,0.88,0.56,0.4,0.24,0.36,0.42,0.4,0.38,0.24,0.22,0.14,0.36,0,0.84,0.28,0.72,1,0.26,0.102564102564103,,0.86,0.98,0.98,1,0.98,0.34,0.6,0.76,1,0.84,0.7,0.74,0.28,0.14,0.18,0.9,0.32,0.88,0.78,0.6,0.62,0,0.34,0.7,0.62,0.12,0.1,0.08,0.18,0.78,0.42,0,0.62,0.92,0.18,0.88,0.76,0.88,0.34,0.12,0.32,0.36
2,"AK","02","+63.3461910,-152.8370679",0.28,0.36,0.5,0.14,0.38,0.66,0.98,0.38,0.04,0.24,0.08,0.0652173913043478,0.2,0.26,0.92,0.98,0.94,0.9,0.66,0.46,0.16,1,0.48,0.98,0.98,0.1,0.8,0.1,0.52,0.16,0.22,0.7,0.54,1,0.24,0.98,0.14,0.16,0.66,0.64,0.4,0.0408163265306122,0.9,0.4,0.8,0.74,0.5,0.34,0.38,0,0.38,0.62,0.96,0.76,0.959183673469388,0.06,0.04,0.14,0.386363636363636,0.14,0.06,1,0.04,0.183673469387755,0.938775510204082,0.96,0.34,0,0.42,0.7,0.68421052631579,1,0.744186046511628,1,0.48,0.26,0.56,0.28,0.42,0.54,0.2,0.5,0.16,0.72,0.14,0.88,0.26,0.04,0.0222222222222222,0.08,0.0697674418604651,0.387755102040816,0.387755102040816,0.06,0.133333333333333,0,0,0.04,0,0.76,0.702127659574468,0.74,0.82,0,0.04,0.22,0.12,0.54,0.64,0.3,0,0.08,0.02,0.56,0,0,0,0,0.133333333333333,0,1,,0.04,0.04,0.3,0,0.3,0.16,0.02,0,0.04,0,0.16,0.92,0,1,0.96,0.08,0.34,0,0,1,1,0,0,0,0.02,0.92,0.34,1,0,0,0.08,0.7,0,0,0.24,0,0.08,0.48,1,0.98,1,1
3,"AZ","04","+34.2099643,-111.6024010",0.56,0.64,0.46,1,0.66,0.5,0.76,0.7,0.3,0.3,0.32,0.152173913043478,0.08,0.18,0.82,0.8,0.84,0.72,0.86,0.74,0.88,0.06,0.72,0.74,0.84,0.94,0.68,0.38,0.58,0,0.76,0,0.56,0.3,0.7,0.74,0.62,0.6,0.84,0.94,0.86,0.102040816326531,0.74,0.38,0.82,0.8,0.84,0.9,0.76,0,0.52,0.46,0.92,0.22,0.306122448979592,0.9,0.02,0.62,0,0.14,0.24,0.22,0.42,0.183673469387755,0.469387755102041,0.3,0.72,0.08,0.64,0.04,0.184210526315789,1,0.27906976744186,0.5,0.06,0.3,0.46,0.7,0.58,0.74,0.86,0.38,0.5,0.28,0.36,0,0.66,0.42,0.622222222222222,0.08,0.209302325581395,0.591836734693878,0.63265306122449,0.62,0.133333333333333,0.1,0.468085106382979,0.08,1,0.78,1,0.02,0.72,0.92,0.24,0.6,0.72,0,0.26,0.04,0.32,0.44,0.6,0,0,0.28,0.74,0.98,0.422222222222222,0.88,1,,0.88,0.18,0.92,0,0.8,0.4,0.14,0,0.22,0.98,0.62,0.36,0.5,0,0,0.8,1,0.82,0.18,0.02,0,0,1,1,0.98,0.18,0.42,0.46,1,0,0.98,0,0.28,0.08,0.08,0.86,0.02,0.58,0.92,0.18,0.26,0.38
4,"AR","05","+34.8955256,-092.4446262",0.92,0.98,0.86,0.08,0.12,0.16,0.66,0.64,0.94,0.92,0.96,0.826086956521739,0.92,0.86,0.36,0.82,0.7,0.88,0.92,0.94,0.84,0.74,0.56,0.58,0.78,0.48,0.32,0.54,1,0.82,0.38,0.7,0.66,0.4,0.88,0.52,0.98,0.9,0.82,0.16,0.9,0.816326530612245,0.8,0.98,0.84,0.52,0.22,0.48,0.04,0,0.08,0.9,0.68,0.7,0.306122448979592,0.64,0.34,0.82,0,0.36,0.24,0.54,0.02,0.673469387755102,0.224489795918367,0.94,0.26,0.66,0.16,0.1,1,1,1,1,0.66,0.98,0.98,0.96,0.98,0.72,0.2,0.9,0.86,0.34,0.88,0.38,0.12,0.38,1,0.08,0.209302325581395,0.387755102040816,0.387755102040816,0.18,0.133333333333333,0.4,0.468085106382979,0.28,0.6,0.66,0,0.7,0.24,0.36,0.18,0.12,0.38,0.94,0.28,0.26,0.46,0.2,0.1,0.2,0,0.7,0.22,0.4,0.422222222222222,0.16,0.153846153846154,,0.94,0.88,0.62,0,0.64,0.38,0.24,0,0.78,0.58,0.86,0.68,0.6,0.16,0.14,0.96,0.88,0.88,0.96,0.86,0.9,0,0.7,0.9,0.88,0.22,0.48,0.2,0.04,0,0.78,0,0.5,0.96,0.28,0.58,0.36,0.84,0.68,0.22,0.28,0.26
5,"CA","06","+37.1485730,-119.5406515",0.08,0.42,0.3,0.94,0.26,0.7,0.08,0.14,0.1,0.1,0.06,0,0.06,0.1,0.86,0.3,0.34,0.7,0.36,0.5,0.3,0.44,0.68,0.84,0.72,0.96,0.9,0.6,0.28,0.06,0.88,0,0.5,0.06,0.52,0.86,0.36,0.78,0.76,0.88,0.62,0.0816326530612245,0.56,0.04,0.6,0.96,1,1,0.68,0,0.9,0,0.98,0.48,0.510204081632653,0.84,0.96,0.78,0.568181818181818,0.96,0.24,0.22,0.2,0,0.469387755102041,0.02,0.92,0.4,1,0.76,0.0789473684210526,1,0.0465116279069768,0.375,0.04,0.18,0,0.16,0.48,0.16,0.82,0.04,0,0.16,0.18,0.66,0.98,0.34,0.622222222222222,0.9,0.465116279069768,0.591836734693878,0.63265306122449,0.74,0.577777777777778,0.94,0.468085106382979,0,0.94,0.94,1,0.4,0.8,0.78,0.32,0.8,0.96,0.38,0.82,0.78,0.84,0.88,0.86,0.92,0,0.86,0.94,0.88,0.422222222222222,0.96,1,,0.6,0.22,0.8,0,0.74,0.28,0.44,1,0.36,0.56,0.56,0.04,0.94,0.12,0.24,0.4,0.2,0.28,0.14,0.98,0.58,0,0.7,0.74,0.78,0.04,0,0.06,0.7,0.56,0.16,0.72,0.28,0.06,0,1,0.84,0.32,0.86,0.06,0.16,0.08
6,"CO","08","+38.9935752,-105.5077737",0.22,0.02,0.14,0.62,0.4,0.82,0.92,0.28,0.02,0.08,0.04,0.195652173913043,0.02,0.08,1,0.58,0.92,0.6,0.56,0.26,0.24,0.18,0.16,0.44,0.58,0.38,0.84,0.7,0.46,0.04,0.92,0,0.46,0.5,0.2,0.26,0.18,0,0.62,0.62,0.12,0.122448979591837,0.42,0.06,0.18,0.54,0.62,0.64,0.8,0,0.7,0.24,0.56,0.04,0.122448979591837,0.46,0.06,0.36,0.568181818181818,0.54,0.24,0.32,0.48,0,0.714285714285714,0.08,0.74,0.04,0.64,0.74,0.342105263157895,1,0.209302325581395,1,0.1,0.04,0.24,0.6,0.02,0.76,0.14,0.48,0.6,0.3,0.38,0,0.76,0.32,0.222222222222222,0.08,0,0.877551020408163,0.918367346938776,0.06,0.577777777777778,0.82,0.468085106382979,0.74,0.58,0.64,0,0.06,0.2,0.88,0.36,0.68,0.52,0,0.76,0.02,0.12,0.62,0.58,0.58,0,0.26,0.86,1,0.133333333333333,0.8,1,,0.32,0.32,0.46,0,0.4,0.62,0.14,0,0.46,0.4,0.54,0.5,0.78,0.58,0.56,0.56,0.12,0.04,0.26,0.74,0.54,0.46,0,0.8,0.76,0.6,0.84,0.58,0.96,0,0.28,0,0,0.44,0.68,0.68,0.96,0.56,0.76,0.46,0.08,0.16
7,"CT","09","+41.5797842,-072.7466666",0.08,0.08,0.12,0.82,0.88,0.6,0.16,0.6,0.1,0.16,0.14,0.891304347826087,0.3,0.18,0.12,0,0.08,0.3,0.3,0,0.5,0.48,0.4,0.32,0.22,0.24,0.56,0.94,0.06,0.28,0.68,0,0.02,0.64,0.02,0.62,0.02,0.24,0.48,0.74,0.24,0.653061224489796,0.2,0.1,0.16,0.5,0.8,0.76,0.56,0,0.82,0,0.04,0.7,0.612244897959184,0.24,0.94,0.38,0,0.8,1,0.92,0.84,0.183673469387755,0.795918367346939,0.28,0.6,0.72,0.76,0.24,0.368421052631579,1,0.325581395348837,1,0.56,0.16,0.08,0.02,0.36,0.06,0.9,0.28,0.3,0.18,0.2,0.68,0.6,1,0.222222222222222,0.54,1,0.591836734693878,0.63265306122449,0.78,1,0.02,0.0638297872340426,0.88,0.36,0.12,0,0.36,0.14,0.46,0.42,0.78,0.9,0.82,0.8,0.24,0.86,0.6,0.46,0.38,0,0.42,0.76,0.72,0.133333333333333,0.64,0.307692307692308,,0.26,0.38,0.48,0,0.48,0.46,0.92,0.94,0.4,0.18,0.34,0.16,0.58,0.76,0.82,0.06,0.34,0.34,0.64,0.04,0.04,0.68,0.48,0.1,0.1,0.7,0.46,0.52,0.86,0.56,0.94,0,0.9,0.28,0.82,0.28,0.92,0.28,0.36,0.76,0.86,0.8
8,"DE","10","+38.9935501,-075.4473739",0.68,0.52,0.56,0.88,0.98,0.54,0.14,0.48,0.68,0.58,0.42,0.608695652173913,0.74,0.54,0.14,0.42,0.04,0.56,0.1,0.58,0.34,0.92,0.78,0.68,0.68,0.62,0.52,0.64,0.26,0.48,0.34,0.7,0.62,0.88,0.4,0.52,0.3,0.5,0.9,0.58,0.52,0.591836734693878,0.26,0.52,0.56,0.68,0.68,0.58,0.58,0,0.78,0.38,0.14,0.34,0.306122448979592,0.24,0.58,0.26,0,0.14,0.88,0.16,0.5,0.183673469387755,0.551020408163265,0.36,0.76,0.12,0.64,0.88,0.526315789473684,1,0.372093023255814,1,0.3,0.32,0.6,0.68,0.38,0.7,0.8,0.84,0.84,0.94,0.64,0.44,0.84,0.84,0.222222222222222,0.54,0.465116279069768,0.387755102040816,0.387755102040816,0.78,0.577777777777778,0.82,0.468085106382979,0.92,0.74,0.6,0,0.94,1,0.54,0.48,0.98,0.74,0.36,0.16,1,0.96,0.58,1,0.12,0,0.66,0.88,0.7,0.422222222222222,0.5,0.461538461538462,,0.56,0.5,0.66,0,0.64,0.9,0.84,0.64,0.52,0.34,0.12,0.42,0.24,0.5,0.74,0.12,0.56,0.58,0.62,0.16,0.26,0,0.96,0.22,0.2,0.46,0.26,0.48,0.44,1,1,0.92,0.72,0.4,0.62,0.52,0.54,0.72,0.08,0.5,0.62,0.78
9,"DC","11","+38.9041485,-077.0170942",0.8,0,0.22,0.96,0.96,0.94,0.36,0.88,0.44,0.04,0,0.0217391304347826,0.16,0.02,0.22,0.1,0.14,0.38,0.06,0.14,0.18,0.48,1,1,1,1,0.44,1,0.64,0.1,0,1,0.04,0.02,0.74,0.9,0,0.56,0.48,0.38,0.22,0.0204081632653061,0,0.28,0.04,0.98,0.54,0.74,1,0,1,0,0.86,1,0.897959183673469,0.32,0.98,0.96,0.386363636363636,1,0.06,0.96,0.66,0.183673469387755,0.959183673469388,0,1,0.16,0.96,1,0,1,0,0,0,0.42,0.32,0.22,0.76,0.32,0.98,0.02,0.04,0.08,0.02,0,1,0.4,1,0.54,0.465116279069768,0.959183673469388,0.959183673469388,0.48,0.577777777777778,0.08,1,0.9,0,1,0,0.9,0,0.22,0.72,0.96,1,0,1,0,0,0.86,0.76,1,0,0.9,0.98,0.52,0.0444444444444444,0.98,1,,0.78,0,0.84,0,0.88,0.84,0.6,0,0,0.48,0,0,1,0.3,0.54,0.34,0.34,0.68,0,0.06,0.22,0.46,0.62,0.46,0.34,0.32,0.28,0.44,0.32,0,0,0,0.78,0.26,0.54,0.4,0.66,0,0.12,0.52,0.66,0.56
10,"FL","12","+28.4574302,-082.4091478",0.52,0.74,0.6,0.9,0.62,0.44,0.38,0.08,0.82,0.76,0.86,0.456521739130435,0.8,0.66,0.32,0.54,0.38,0.62,0.68,0.7,0.76,0.1,0.92,0.46,0.5,0.86,0.34,0.48,0.36,0.08,0.48,0.7,0.96,0.38,0.6,0.68,0.6,0.64,0.32,0.46,0.16,0.877551020408163,0.08,0.54,0.5,0.76,0.88,0.88,0.1,0,0.88,0.4,0.7,0.46,0.122448979591837,0.98,0.08,0.52,0,0.36,0.88,0.54,0.8,0.183673469387755,0.755102040816326,0.34,0.62,0.96,0.86,0.42,0.368421052631579,1,0.511627906976744,1,0.18,0.38,0.42,0.58,0.28,0.82,0.7,0.34,0.42,0.32,0.3,0.58,0.72,0.26,0.622222222222222,0.08,0.465116279069768,0.142857142857143,0.204081632653061,0.48,0.133333333333333,0.26,0.468085106382979,0.12,0.88,0.78,0,0.54,0.54,0.58,0.46,0.66,0.28,0.56,0.38,0.44,0.08,0.76,0.28,0.5,0,0.36,0.36,0.16,0.422222222222222,0.72,0.846153846153846,,1,0.78,0.6,0,0.62,0.02,0.98,0.88,0.86,0.92,0.8,0.24,0.22,0.1,0.1,0.64,0.64,1,0.3,0.52,0.42,0.68,0,0.44,0.3,0.02,0.04,0.02,0.66,0.86,0.4,0.76,1,0.48,0,0.7,0.26,0.78,0.62,0.02,0,0.12
11,"GA","13","+32.6293840,-083.4232125",0.82,0.62,0.72,0.26,0.1,0.22,0.44,0.4,0.68,0.68,0.44,0.152173913043478,0.66,0.32,0.38,0.78,0.1,0.8,0.48,0.82,0.54,0.24,0.94,0.8,0.74,0.92,0.16,0.82,0.76,0.86,0.4,0.7,0.98,0.92,0.86,0.74,0.82,0.84,0.64,0.12,0.68,0.142857142857143,0.82,0.48,0.9,0.84,0.54,0.8,0.22,0,0.26,0.58,0.62,0.54,0.122448979591837,0.86,0.12,0.92,0.386363636363636,0.8,0.64,0.78,0.54,0.673469387755102,0.877551020408163,0.5,0.9,0.36,0.44,0.26,1,1,0.790697674418605,1,0.86,0.62,0.76,0.66,0.46,0.88,0.26,0.74,0.74,0.88,0.72,0.92,0.28,0.76,1,0.54,0.465116279069768,0.387755102040816,0.387755102040816,0.48,0.577777777777778,0.4,1,0.72,0.34,0.78,0,0.26,0.66,0.28,0.96,0.08,0.56,0,0.6,0.4,0.2,0.54,0.62,0.18,0,0.92,0.56,0.86,0.422222222222222,0.38,0.17948717948718,,0.7,0.94,0.96,1,0.96,0.32,0.44,0.96,0.9,0.74,0.26,0.4,0.18,0.24,0.3,0.78,0.62,0.8,0.58,0.5,0.52,0,0,0.52,0.56,0.14,0.14,0.1,0.1,0.92,0.2,0.8,0.66,0.78,0.2,0.94,0.74,0.62,0.2,0.16,0.36,0.28
12,"HI","15","+19.8097670,-155.5061027",0,0.18,0.02,0.8,0.32,0.8,0.82,0.2,0.2,0,0.14,0.0652173913043478,0.4,0.44,0.1,0.2,0,0.9,0.62,0.04,0.02,0.08,0.26,0.66,0.44,0.78,0.3,0.34,0.38,0.7,0.86,0,0.12,0.14,0.1,0.18,0.2,0.02,0.32,0.9,0.7,0.959183673469388,0.12,0.18,0,1,0.92,0.84,0.84,0,0.84,0,1,0.44,0.714285714285714,0.02,0.82,0.12,0.568181818181818,0.14,0,0.04,0.32,0,0.36734693877551,0.18,0.82,0,0.94,0.98,0.105263157894737,1,0.27906976744186,1,0.54,0.1,0.18,0.54,0.94,0.44,0.92,0.06,0.06,0.42,0.08,0.96,0.86,0.22,0,0.08,0.348837209302326,0,0.0204081632653061,0.18,0.133333333333333,0.26,0,0.5,0,0.96,0,0.04,0.04,0.16,0,0.52,0.82,0.86,0.72,0.96,0.06,0.28,0.52,0.1,0,0,0,0,0.422222222222222,0,1,,0.96,0.02,0.3,0,0.3,0.16,0.02,0,0.02,1,0.76,0.38,0,0.18,0.22,0,0.34,0,0,0.68,0.16,0,0,0.02,0,0,0.02,0,0,0.82,0.96,0.74,0.28,0.04,0,0,0.12,0.48,0.94,0,0.1,0
13,"ID","16","+44.3020948,-114.5956254",0.36,0.5,0.54,0.18,0.28,0.28,0.12,0.4,0.52,0.44,0.5,0.521739130434783,0.28,0.18,0.98,0.76,0.98,0.58,0.8,0.62,0.4,0.54,0.06,0.18,0.18,0.3,0.94,0.14,0.54,0.4,0.62,0,0.84,0.68,0.68,0.32,0.8,0.46,0.14,0.86,0.66,0.306122448979592,0.96,0.68,0.28,0.34,0.54,0.42,0.3,0,0.28,0.84,0.72,0.06,0.612244897959184,0.2,0.16,0.18,0.386363636363636,0.54,0.64,0.1,0.16,0.183673469387755,0.142857142857143,0.76,0.02,0.9,0.26,0.12,0.947368421052632,1,1,1,0.66,0.48,0.4,0.74,0.5,0.42,0.12,0.62,0.52,0.82,0.78,0,0.32,0.08,0.222222222222222,0.08,0.209302325581395,0.591836734693878,0.387755102040816,0.48,0.0666666666666667,0.18,0.0638297872340426,0.52,0.86,0.46,0,0.76,0.9,0.12,0.5,0.1,0.16,0,0.52,0.88,0.44,0.34,0.04,0.06,0,0.2,0.16,0.84,0.133333333333333,0.2,1,,0.18,0.3,0.44,0,0.4,0.24,0.92,0,0.38,0.22,0.98,0.22,0.38,0.68,0.42,0.58,0.14,0.12,0.84,0.18,0.46,0.54,0,0.64,0.4,1,0.9,0.82,0.38,0,0.14,0,0,0.34,0.4,0.72,0.04,0.96,0.98,0.94,0.84,0.98
14,"IL","17","+40.1028754,-089.1526108",0.52,0.32,0.32,0.74,0.52,0.86,0.28,0.28,0.3,0.44,0.28,0.304347826086957,0.5,0.4,0.56,0.6,0.48,0.3,0.74,0.5,0.42,0.78,0.82,0.9,0.9,0.44,0.26,0.24,0.5,0.22,0.44,0,0.58,0.1,0.46,0.62,0.42,0.52,0.92,0.68,0.74,0.244897959183673,0.58,0.12,0.56,0.58,0.7,0.78,0.12,0,0.62,0,0.56,0.86,0.122448979591837,0.76,0.8,0.58,0.386363636363636,0.7,0.64,0.78,0.38,0.183673469387755,0.979591836734694,0.24,0.86,0.5,0.8,0.94,0.263157894736842,1,0.116279069767442,1,0.08,0.5,0.62,0.14,0.52,0.12,1,0.1,0.12,0.2,0.24,0.9,0.62,0.96,0.622222222222222,1,0.465116279069768,0.591836734693878,0.816326530612245,0.78,0.577777777777778,1,0.468085106382979,0.7,0.44,0.52,0.893617021276596,0.92,0.38,0.98,0.8,0.5,0.86,0.84,0.7,0.86,0.98,0.92,0.92,0.54,0,0.94,0.92,0.2,0.133333333333333,0.9,0.846153846153846,,0.46,0.8,0.04,0,0,0.96,0.6,0,0.72,0.6,0.2,0.54,0.82,0.7,0.62,0.54,0.68,0.5,0.12,0.38,0.56,0.9,0.78,0.58,0.68,0.56,0.74,0.76,0.22,0,0.42,0,0.28,0.36,0.7,0.42,0.32,0.04,0.22,0.68,0.72,0.64
15,"IN","18","+39.9030256,-086.2839503",0.74,0.68,0.8,0.42,0.64,0.3,0.58,0.7,0.68,0.88,0.72,0.521739130434783,0.82,0.72,0.48,0.74,0.68,0.9,0.88,0.76,0.68,0.66,0.32,0.56,0.66,0.2,0.42,0.58,0.78,0.44,0.54,0,0.6,0.6,0.6,0.4,0.68,0.72,0.7,0.24,0.44,0.326530612244898,0.78,0.66,0.84,0.24,0.32,0.4,0.54,0,0.38,0.5,0.34,0.54,0.306122448979592,0.94,0.7,0.46,0.568181818181818,0.54,0.24,0.32,0.88,0.673469387755102,0.428571428571429,0.78,0.54,0.52,0.5,0.08,0.921052631578947,1,0.627906976744186,1,0.4,0.8,0.78,0.86,0.86,0.48,0.54,0.26,0.26,0.84,0.82,0.64,0.56,0.9,0.222222222222222,0.54,0.465116279069768,0.387755102040816,0.387755102040816,0.78,0.577777777777778,0.62,0.0638297872340426,0.48,0.82,0.28,0,0.68,0.36,0.72,0.88,0.72,0.78,0.6,0.5,0.7,0.64,0.84,0.5,0.48,0,1,0.6,0.28,0.422222222222222,0.56,0.487179487179487,,0.54,0.62,0.14,0,0.1,0.78,0.32,0,0.58,0.62,0.48,0.86,0.42,0.52,0.46,0.6,0.66,0.58,0.56,0.48,0.5,0.8,0.66,0.6,0.68,0.52,0.64,0.66,0.64,0,0.56,0,0.28,0.66,0.48,0.28,0.46,0.18,0.18,0.56,0.76,0.66
16,"IA","19","+42.0700243,-093.4933473",0.4,0.16,0.02,0.04,0.08,0.98,0.7,0.06,0.52,0.5,0.62,1,0.54,0.8,0.48,0.32,0.52,0.12,0.38,0.3,0.64,0.72,0.28,0.16,0.26,0.12,0.54,0.38,0.42,0.6,0.52,0,0.2,0.36,0.38,0.08,0.44,0.22,0.14,0.06,0.04,0.918367346938776,0.7,0.36,0.52,0.08,0.32,0.24,0.04,0,0.46,0.52,0.1,0.38,0.897959183673469,0.34,0.62,0.08,0.568181818181818,0.04,0.06,0.32,0.78,0.183673469387755,0.346938775510204,0.62,0.02,0.82,0.14,0.32,1,0.222222222222222,0.790697674418605,1,0.64,0.74,0.62,0.44,0.2,0.28,0.08,0.92,0.9,0.54,0.9,0,0.18,0.5,0.0222222222222222,0.08,0.348837209302326,0.0408163265306122,0.0204081632653061,0.18,0.133333333333333,0.26,0.0638297872340426,0.24,0.96,0.04,0,0.64,0.42,0.26,0.3,0.2,0.2,1,0.24,0.32,0.58,0.98,0.34,0.24,0,0.52,0.24,0.12,0.422222222222222,0.3,0.641025641025641,,0.42,0.6,0,0,0.04,0.72,0.02,0,0.56,0.72,0.82,0.78,0.66,0.8,0.92,0.68,0.74,0.58,0.98,0.7,0.72,0.92,0.82,0.78,0.84,0.62,0.88,0.78,0.4,0,0.8,0,0.28,0.9,0.72,0.54,0.18,0.3,0.46,0.42,0.5,0.48
17,"KS","20","+38.4985464,-098.3834298",0.62,0.38,0.46,0.28,0.24,0.26,0.56,0.4,0.52,0.6,0.6,0.630434782608696,0.74,0.68,0.58,0.84,0.72,0.52,0.5,0.56,0.46,0.7,0.14,0.28,0.4,0.28,0.72,0.86,0.82,0.62,0.42,0,0.72,0.44,0.42,0.22,0.64,0.38,0.18,0.28,0.34,0.510204081632653,0.86,0.58,0.48,0.44,0.44,0.56,0.7,0,0.42,0.54,0.34,0.2,0.836734693877551,0.42,0.76,0.58,0.568181818181818,0.14,0.06,0.54,0.82,0.673469387755102,1,0.46,0.3,0.28,0.24,0.48,0.789473684210526,1,0.627906976744186,1,0.48,0.7,0.66,0.5,0.74,0.56,0.06,0.56,0.36,0.66,0.94,0.78,0.42,0.58,0.222222222222222,0.08,0.465116279069768,0.591836734693878,0.387755102040816,0.32,0.133333333333333,0.26,0.468085106382979,0.32,0.84,0.38,0,0.34,0.4,0.84,0.26,0.34,0.5,0.9,0.1,0.58,0.92,0.9,0.68,0.78,0,0.46,0.26,0.56,0.422222222222222,0.48,0.692307692307692,,0.68,0.58,0.18,0,0.1,0.92,0.14,0,0.62,0.9,0.42,0.7,0.64,0.48,0.28,0.86,0.86,0.76,0.6,0.64,0.84,0.54,0.92,0.92,0.94,0.4,0.8,0.42,0.1,0,0.64,0,0.28,0.8,0.48,0.62,0.28,0.46,0.44,0.34,0.2,0.18
18,"KY","21","+37.5336807,-085.2929841",0.92,0.96,0.98,0.16,0.86,0.12,0.4,0.94,0.86,0.98,0.98,0.630434782608696,0.94,0.92,0.52,0.46,0.5,0.06,0.16,0.86,0.44,0.58,0.8,0.26,0.52,0.22,0.14,0.26,0.9,0.94,0.08,0.7,0.28,0.72,0.92,0.74,0.92,0.92,0.3,0.22,0.64,0.510204081632653,0.58,0.96,0.7,0.12,0.06,0.22,0.76,0,0.2,0.8,0.54,0.8,0,0.72,0.4,0.78,1,0.36,0.24,0.54,0.62,0.673469387755102,0.387755102040816,0.7,0.54,0.52,0.44,0.58,1,1,0.953488372093023,1,0.96,0.88,0.82,0.84,0.66,0.8,0.42,0.58,0.4,0.92,0.86,0.76,0.36,0.56,0.622222222222222,0.54,0.465116279069768,0.142857142857143,0.204081632653061,0.6,0.577777777777778,0.4,0.468085106382979,0.68,0.24,0.44,0,0.42,0.08,0.68,0.76,0.18,0.3,0,0.56,0.6,0.34,0.36,0.48,0.22,0,0.88,0.48,0.6,0.422222222222222,0.18,0.128205128205128,,0.66,0.9,0.74,0,0.74,0.98,0.44,0,0.84,0.7,0.22,0.88,0.4,0.32,0.38,0.82,0.94,0.76,0.74,0.54,0.78,0.54,0.7,0.5,0.6,0.38,0.44,0.3,0.54,0,0.68,0,0.26,0.88,0.42,0.32,0.48,0.6,0,0.48,0.56,0.6
19,"LA","22","+30.8577705,-091.8032730",0.92,0.86,0.92,0.44,0.7,0.72,0.78,0.48,0.92,0.86,0.82,0.239130434782609,0.9,0.84,0.08,0.7,0.16,0.96,0.94,0.98,0.72,0.68,0.96,0.96,0.86,0.9,0.02,0.82,0.86,0.5,0.26,0.7,0.7,0.08,0.98,0.92,0.88,0.98,0.94,0,0.28,0.244897959183673,0.74,0.82,0.98,0.82,0.32,0.38,0.18,0,0.1,0.7,0.62,0.92,0.306122448979592,0.76,0.74,1,0,0.7,0.24,0.54,0.6,0.673469387755102,0.63265306122449,0.66,0.64,0.98,0.54,0.9,0.578947368421053,1,0.465116279069768,1,0.3,0.94,0.92,0.94,0.82,0.9,0.58,0.4,0.32,0.9,0.74,0.86,0.5,0.86,0.622222222222222,0.54,0.465116279069768,0.142857142857143,0.204081632653061,0.38,0.133333333333333,0.9,1,0.14,0.32,0.78,0,0.24,0.32,0.7,0.74,0.56,0.7,0.7,0.92,0.36,0.26,0.78,0.24,0.34,0,0.68,0.42,0.22,0.422222222222222,0.58,0.897435897435897,,0.98,0.96,0.76,0,0.82,0.14,1,0.72,0.98,0.64,0.44,0.94,0.7,0.06,0.06,0.94,0.96,0.98,0.52,0.96,0.8,0,0.6,0.86,0.64,0.06,0.06,0.04,0.4,0.84,0.42,1,0.96,0.68,0.1,0.76,0.42,0.4,0.64,0.04,0.02,0.06
20,"ME","23","+45.3906022,-068.6574869",0.56,0.66,0.64,0.52,0.74,0.4,0.06,0.96,0.58,0.7,0.8,1,0.54,0.82,0.7,0.08,0.32,0.68,0.7,0.66,0.12,0.4,0,0.06,0.08,0.36,0.86,0.94,0.16,0.56,0.3,0,0.62,0.98,0.54,0.28,0.54,0.3,0,0.8,0.46,1,0.02,0.88,0.38,0,0.06,0.04,0.34,0,0.1,0.82,0.14,0.58,0.714285714285714,0.68,0.18,0.1,0.568181818181818,0.04,0.64,0,0,1,0.102040816326531,0.84,0.2,0.72,0.32,0.8,1,1,1,1,0.86,0.52,0.12,0.34,0.02,0.2,0.6,0.22,0.1,0.86,0.66,1,0.02,0.14,0.0222222222222222,0.08,0.209302325581395,0.142857142857143,0.102040816326531,0.18,0.133333333333333,0.4,0.0638297872340426,0.34,0.18,0.14,0.893617021276596,0.1,0.98,0.06,0.22,0.4,0.08,0.34,0.22,0.06,0.22,0.02,0.16,0.3,0,0.1,0.12,0.08,1,0.1,0.0512820512820513,,0,0.06,0.36,0,0.3,0,0.72,0.66,0.06,0.08,0.9,0.34,0.04,0.98,0.98,0.16,0.34,0.2,0.92,0.26,0.12,0.68,0.22,0.04,0.06,0.78,0.58,0.86,0.78,0.96,0.68,0.78,0.82,0.52,0.98,0.48,0.72,0.38,0.7,0.92,0.82,0.84
21,"MD","24","+38.9466584,-076.6744939",0.38,0.08,0.16,0.76,0.92,0.14,0.04,0.34,0.2,0.2,0.12,0.260869565217391,0.54,0.44,0.28,0.24,0.28,0.2,0.38,0.44,0.32,0.96,0.84,0.36,0.48,0.52,0.28,0.88,0.14,0.02,0.9,0,0.12,0.56,0.06,0.46,0.1,0.4,0.44,0.4,0.32,0.183673469387755,0.5,0.06,0.6,0.86,0.7,0.86,0.02,0,0.8,0,0.24,0.58,0.306122448979592,0.44,0.66,0.18,0,0.54,0.64,0.32,0.36,0,0.448979591836735,0.14,0.76,0.08,0.8,0.34,0.131578947368421,1,0.209302325581395,1,0.44,0.14,0.18,0.18,0.34,0.96,0.5,0.46,0.58,0.44,0.1,0.82,0.9,0.36,0.622222222222222,0.08,0.465116279069768,0.591836734693878,0.816326530612245,0.48,0.577777777777778,0.04,0.468085106382979,0.82,0.8,0.68,0,0.16,0.28,0.04,0.16,0.84,0.76,0.74,0.88,0.34,0.18,0.48,0.32,0.84,0,0.76,0.9,0.76,0.133333333333333,0.62,0.358974358974359,,0.64,0.66,0.72,0,0.72,0.8,0.44,0.82,0.74,0.36,0.1,0.08,0.68,0.42,0.7,0.32,0.78,0.64,0.22,0.1,0.24,0.46,0.58,0.28,0.24,0.66,0.4,0.54,0.44,0.56,0.88,0.92,0.76,0.38,0.56,0.5,0.44,0.42,0.06,0.58,0.7,0.7
22,"MA","25","+42.1565196,-071.4895915",0.04,0.24,0.4,0.92,0.84,0.84,0.3,0.64,0.04,0.12,0.14,0.521739130434783,0.12,0.48,0.28,0.04,0.02,0.54,0.58,0.02,0.66,0.88,0.36,0.1,0.28,0.58,0.78,0.78,0.02,0.18,0.82,0,0,0.24,0.08,0.36,0.04,0.14,0.1,0.92,0.3,0.326530612244898,0.16,0.18,0.06,0.48,0.82,0.72,0.94,0,0.98,0,0.24,0.96,0.714285714285714,0.54,0.68,0.26,0.386363636363636,0.88,0.88,0.88,0.34,0.183673469387755,0.795918367346939,0.06,0.94,0.76,0.74,0.82,0.315789473684211,1,0.13953488372093,0.875,0.24,0.18,0.04,0.08,0.26,0.04,0.88,0.18,0.24,0.6,0.14,0.98,0.96,0.78,0.222222222222222,0.54,1,0.591836734693878,0.63265306122449,0.78,1,0.26,0.0638297872340426,0.86,0.22,0.02,0.893617021276596,0.52,0.94,0.48,0.92,0.74,0.92,0.68,0.78,0.68,0.68,0.68,0.94,0.42,0,0.22,0.68,0.42,0,0.84,0.41025641025641,,0.24,0.34,0.58,0,0.56,0.54,0.88,0.9,0.32,0.14,0.44,0.1,0.88,0.84,0.86,0.18,0.34,0.3,0.4,0.12,0.06,0.66,0.34,0.12,0.12,0.8,0.5,0.74,0.8,0.74,0.8,0.86,0.94,0.22,0.88,0.42,0.94,0.24,0.5,0.84,0.9,0.88
23,"MI","26","+44.8410835,-085.6593197",0.66,0.82,0.72,0.68,0.6,0.76,0.32,0.8,0.58,0.8,0.78,0.782608695652174,0.7,0.72,0.26,0.16,0.36,0.28,0.42,0.24,0.9,0.32,0.44,0.3,0.42,0.46,0.36,0.54,0.48,0.8,0.46,0,0.12,0.74,0.58,0.8,0.58,0.48,0.48,0.56,0.72,0.73469387755102,0.32,0.78,0.52,0.36,0.22,0.2,0.88,0,0.36,0.32,0.14,0.68,0.510204081632653,0.9,0.9,0.38,0.386363636363636,0.14,0.64,0.54,0.4,0.183673469387755,0.63265306122449,0.58,0.7,0.18,0.44,0.52,0.894736842105263,1,0.395348837209302,1,0.3,0.54,0.66,0.4,0.18,0.24,0.64,0.8,0.88,0.04,0.28,0.8,0.82,0.74,0.222222222222222,0.54,1,0.591836734693878,0.63265306122449,0.78,0.577777777777778,0.62,0.0638297872340426,0.26,0.72,0.34,0.702127659574468,0.8,0.68,0.5,0.28,0.58,0.58,0.88,0.74,0.94,0.74,0.32,0.78,0.46,0,0.82,0.62,0.5,0.422222222222222,0.76,0.615384615384615,,0.28,0.26,0.06,0,0,0.72,0.32,0,0.24,0.3,0.52,0.48,0.72,0.74,0.5,0.42,0.24,0.38,0.2,0.24,0.2,0.78,0.62,0.36,0.42,0.88,0.66,0.88,0.54,0,0.1,0,0.5,0.32,0.86,0,0.38,0.16,0.3,0.8,0.94,0.92
24,"MN","27","+46.3161343,-094.1994801",0.08,0.04,0.1,0.38,0.22,0.9,0.32,0,0.1,0.06,0.1,0.41304347826087,0.04,0.02,0.64,0.14,0.24,0.18,0.08,0.06,0.26,0.04,0.42,0.14,0.24,0.34,0.74,0.12,0.1,0.42,0.66,0,0.26,0.78,0.12,0.06,0.26,0.02,0.36,0.6,0.6,0.448979591836735,0.64,0.12,0.24,0.32,0.44,0.36,0.48,0,0.9,0.32,0.44,0.48,0.836734693877551,0.52,0.5,0.02,1,0.14,0.24,0.54,0.92,0,0.836734693877551,0.4,0.68,0.46,0.38,0.2,0.631578947368421,1,0.581395348837209,1,0.24,0.34,0.32,0.36,0,0.6,0.44,0.86,0.94,0.26,0.46,0.54,0.34,0.66,0.222222222222222,0.54,0.465116279069768,0.877551020408163,0.816326530612245,0.74,0.577777777777778,0.92,0.0638297872340426,0.42,0.52,0.2,0,0.86,0.34,0.34,0.38,0.76,0.54,0.92,0,0.08,0.48,0.8,0.82,0.7,0,0.3,0.54,0.1,0.0444444444444444,0.6,0.641025641025641,,0.34,0.56,0.1,0,0.1,0.5,0.14,0,0.48,0.54,0.58,0.52,0.48,0.9,0.52,0.38,0.54,0.44,0.46,0.58,0.44,0.98,0.78,0.54,0.72,0.48,0.98,0.92,0.52,0,0.22,0,0.28,0.64,0.78,0.2,0.16,0.36,0.66,0.36,0.6,0.62
25,"MS","28","+32.6864655,-089.6561493",0.98,0.92,0.9,0.12,0.14,0.06,0.7,0.74,1,0.88,0.9,0.369565217391304,0.96,0.98,0.44,0.88,0.88,0.46,0.82,1,1,0.84,0.76,0.92,0.96,0.8,0,0.74,0.96,0.96,0.12,0.7,0.94,0.48,1,1,1,1,0.72,0.04,0.96,0.326530612244898,0.82,0.92,1,0.88,0.06,0.18,0.42,0,0,0.88,0.74,0.78,0.306122448979592,0.96,0.36,0.96,1,0.54,0.64,0.78,0.9,0.673469387755102,0.63265306122449,1,0.38,0.86,0.18,0.38,1,1,0.883720930232558,1,0.66,1,1,0.9,0.9,0.94,0.04,0.66,0.7,0.58,0.7,0.62,0.04,0.3,0.622222222222222,0.08,0.209302325581395,0.0408163265306122,0.102040816326531,0.18,0.0666666666666667,0.62,0.468085106382979,0.3,0.62,0.92,0,0.46,0.6,0.1,0.6,0.16,0.14,0,0.14,0.46,0.28,0.26,0.22,0.62,0,0.74,0.18,0.26,1,0.24,0.205128205128205,,0.92,1,0.86,1,0.92,0.08,0.6,0.7,0.96,0.86,0.74,0.72,0.14,0.04,0.08,1,0.84,0.96,0.86,0.9,0.88,0,0.66,0.88,0.8,0.1,0.08,0.12,0.08,0.88,0.56,0,0.68,0.94,0.12,0.56,0.56,0.9,0.56,0.08,0.18,0.2
26,"MO","29","+38.3507500,-092.4567826",0.74,0.8,0.78,0.66,0.68,0.6,0.96,0.48,0.76,0.78,0.66,0.630434782608696,0.54,0.7,0.42,0.54,0.76,0.24,0.16,0.8,0.7,0.36,0.62,0.54,0.64,0.7,0.38,0.28,0.74,0.34,0.18,0,0.78,0.56,0.72,0.32,0.72,0.66,0.86,0.26,0.38,0.591836734693878,0.66,0.76,0.68,0.2,0.16,0.12,0.32,0,0.34,0.48,0.34,0.66,0.714285714285714,0.48,0.56,0.54,0.568181818181818,0.7,0.24,0.32,0.52,0.673469387755102,0.551020408163265,0.38,0.44,0.28,0.28,0.5,0.68421052631579,1,0.674418604651163,1,0.82,0.78,0.78,0.76,0.56,0.68,0.52,0.88,0.8,0.8,0.8,0.46,0.48,0.64,0.622222222222222,0.08,0.465116279069768,0.877551020408163,0.816326530612245,0.38,0.577777777777778,0.4,0.468085106382979,0.38,0.76,0.4,0,0.08,0.18,0.82,0.66,0.7,0.64,0.4,0.68,0.54,0.88,0.56,0.72,0.64,0,0.56,0.46,0.38,0.422222222222222,0.46,0.384615384615385,,0.76,0.7,0.16,0,0.1,0.84,0.14,0,0.76,0.88,0.38,0.66,0.46,0.38,0.32,0.72,0.9,0.72,0.54,0.66,0.92,0.46,0.94,0.84,0.86,0.34,0.7,0.34,0.26,0,0.86,0,0.28,0.7,0.46,0.32,0.34,0.34,0.42,0.38,0.38,0.32
27,"MT","30","+47.0511771,-109.6348174",0.46,0.46,0.32,0.06,0.18,0.76,0.5,0.34,0.68,0.52,0.62,1,0.36,0.16,0.78,0.86,0.82,0.44,0.32,0.5,0.78,0.76,0.02,0.22,0.06,0.12,0.5,0.46,0.6,0.58,0.16,0.7,0.42,0.42,0.56,0.08,0.52,0.1,0.6,0.48,0.14,0.938775510204082,0.28,0.6,0.02,0.1,0.02,0.02,0.72,0,0.1,0.92,0.52,0.1,0.897959183673469,0.08,0.44,0.3,0.568181818181818,0.14,0.24,0,0.56,0.673469387755102,0,0.88,0.1,0.92,0.04,0.3,1,0.777777777777778,1,1,0.66,0.76,0.26,0.52,0.22,0.5,0.28,0.94,0.92,0.48,0.76,0,0.1,0.1,0.222222222222222,0,0,0.387755102040816,0.387755102040816,0,0.0444444444444444,0.26,0.0638297872340426,0.64,0.68,0.3,0,0.66,0.74,0.64,0.06,0.3,0.1,0,0.54,0.28,0.82,0.1,0.54,0.28,0,0.12,0.04,0.68,0.133333333333333,0.06,0.769230769230769,,0.16,0.52,0.3,0,0.3,0.06,0.8,0,0.44,0.2,0.94,0.9,0.06,0.44,0.16,0.2,0.06,0.04,0.9,0.42,0.7,0.88,0,0.32,0.32,0.9,0.92,0.6,0.16,0,0.18,0,0,0.54,0.9,0.92,0.82,1,0.96,0.62,0.58,0.46
28,"NE","31","+41.5438105,-099.8123253",0.34,0.12,0.08,0.54,0,0.96,0.8,0,0.3,0.3,0.4,0.826086956521739,0.42,0.5,0.78,0.66,0.78,0.42,0.46,0.4,0.1,0.6,0.48,0.5,0.34,0.12,0.66,0.34,0.56,0.38,0.14,0,0.4,0.32,0.32,0.04,0.5,0.2,0.22,0.32,0.08,0.551020408163265,0.92,0.32,0.28,0.3,0.52,0.5,0.66,0,0.58,0.42,0.14,0.14,0.816326530612245,0.34,0.6,0.38,1,0.12,0.06,0.32,0.94,0.673469387755102,0.285714285714286,0.52,0.38,0.4,0.22,0.36,0.842105263157895,1,0.604651162790698,1,0.48,0.58,0.46,0.38,0.4,0.46,0.18,0.82,0.82,0.24,0.6,0,0.4,0.44,0.222222222222222,0.08,0.465116279069768,0.142857142857143,0.204081632653061,0.32,0.133333333333333,0.4,0.0638297872340426,0.1,0.9,0.36,0,0.78,0.44,0.32,0.52,0.44,0.46,0.98,0.04,0.2,0.7,1,0.36,0.9,0,0.48,0.32,0.18,0.422222222222222,0.54,0.897435897435897,,0.52,0.46,0.02,0,0.06,0.84,0.02,0,0.5,0.82,0.48,0.84,0.56,0.78,0.72,0.76,0.92,0.64,0.82,0.88,0.74,0.76,0.9,0.82,0.9,0.74,0.82,0.68,0.32,0,0.34,0,0,0.76,0.52,0.66,0.14,0.22,0.6,0.32,0.3,0.24
29,"NV","32","+39.3310928,-116.6151469",0.7,0.74,0.6,0.98,0.48,0.34,0.64,0.1,0.3,0.64,0.5,0.130434782608696,0.38,0.28,0.76,0.96,0.86,0.3,0.28,0.68,0.8,0.3,0.9,0.62,0.82,0.98,0.24,0.32,0.68,0.78,0.7,0,0.72,0.12,0.48,0.96,0.56,0.68,0.54,1,0.98,0.163265306122449,0.46,0.42,0.9,0.9,0.96,0.96,0.36,0,0.72,0.28,0.86,0.34,0,1,0,0.7,0,0.54,0,0.22,0.44,0.183673469387755,0.551020408163265,0.16,0.58,0.06,0.78,0,0.131578947368421,1,0.162790697674419,0.25,0.14,0.28,0.56,0.64,0.58,0.92,0.84,0.2,0.28,0,0.04,0,0.7,0.12,0.222222222222222,0.54,0.465116279069768,0.591836734693878,0.816326530612245,0.62,0.577777777777778,0.26,0.468085106382979,0.02,0.16,0.78,1,0.62,0.62,0.76,1,0.02,0.88,0,0.46,0.62,0.04,0.18,0.06,0.74,0,0.38,0.84,0.94,0.422222222222222,1,1,,0.8,0.16,0.78,0,0.74,0.22,0.24,0,0.2,0.96,0.02,0.3,0.44,0.08,0.12,0.7,0.08,0.5,0,0.46,0.36,0,0.98,0.96,0.92,0.94,0.68,0.56,0.9,0,0,0,0,0.02,0.06,0.74,0.06,0.14,0.84,0.44,0.06,0.02
30,"NH","33","+43.6708595,-071.5811278",0.14,0.22,0.38,0.58,0.82,0.48,0,0.74,0.04,0.56,0.24,0.782608695652174,0.24,0.38,0.54,0.12,0.24,0.66,0.52,0.22,0.14,0.9,0.1,0.04,0.04,0.32,0.92,0.6,0.04,0.92,0.96,0,0.22,0.86,0,0.18,0.06,0.02,0.06,0.96,0.5,0.857142857142857,0.1,0.44,0.12,0.06,0.06,0.16,0.24,0,0.54,0.6,0.1,0.16,0.306122448979592,0.34,0.22,0.02,0,0.36,0.88,0.78,0.22,0.673469387755102,0.204081632653061,0.72,0.14,0.82,0.6,0.64,1,1,0.767441860465116,1,0.92,0.08,0.04,0.04,0.1,0.14,0.64,0.52,0.48,0.74,0.32,0.7,0.44,0.2,0.222222222222222,0.08,0.465116279069768,0.387755102040816,0.387755102040816,0.7,0.555555555555556,0.04,0.0638297872340426,0.78,0.28,0,0.893617021276596,0.6,0.96,0.4,0.62,0.9,0.62,0.96,0.3,0.9,0.66,0.04,0.3,0.26,0,0.16,0.3,0.22,0.133333333333333,0.28,0.0769230769230769,,0.14,0.14,0.38,0,0.4,0.1,0.44,0.92,0.12,0.1,0.34,0.2,0.1,0.92,0.94,0.24,0.34,0.24,0.72,0.3,0.34,0.74,0.32,0.14,0.14,0.82,0.54,0.8,0.82,0.98,0.42,0,0.84,0.5,0.94,0.32,0.88,0.48,0.54,0.86,0.96,0.88
31,"NJ","34","+40.1072744,-074.6652012",0.18,0.28,0.22,0.5,0.8,0.4,0.94,0.2,0.1,0.16,0.14,0.260869565217391,0.46,0.52,0.04,0.64,0.38,0.02,0.12,0.1,0.92,0.78,0.54,0.24,0.32,0.4,0.46,0.78,0,0.26,0.74,0,0.38,0.2,0.04,0.62,0.08,0.36,0.26,0.84,0.56,0.224489795918367,0.3,0.02,0.12,0.78,0.94,0.94,0.92,0,0.96,0,0.56,0.84,0.306122448979592,0.48,1,0.34,0.386363636363636,0.88,0.88,0.54,0.46,0,0.857142857142857,0.26,0.96,0.28,0.92,0.68,0.421052631578947,1,0.0697674418604651,1,0.14,0.12,0.12,0,0.14,0,0.76,0.08,0.08,0.1,0.06,0.72,0.88,0.82,0.622222222222222,0.9,1,0.877551020408163,0.918367346938776,0.78,1,0.72,0.468085106382979,1,0.4,0.48,0.702127659574468,1,0.06,0.74,0.82,1,0.94,0.46,0.96,0.8,0.9,0.46,0.98,0.98,0,0.64,0.96,0.46,0.422222222222222,0.78,0.692307692307692,,0.48,0.64,0.56,0,0.56,0.7,0.86,0.98,0.6,0.44,0.12,0.28,0.86,0.62,0.76,0.28,0.3,0.46,0,0.36,0.32,0,0.7,0.18,0.16,0.64,0.32,0.5,0.54,0.74,0.92,0.92,0.86,0.24,0.66,0.42,0.78,0.64,0.14,0.64,0.68,0.72
32,"NM","35","+34.4391265,-106.1261511",0.46,0.78,0.64,0.34,0.76,0.18,0.02,0.58,0.58,0.38,0.48,0.217391304347826,0.26,0.32,0.88,0.94,0.96,0.86,0.96,0.7,0.36,0.36,0.1,0.94,0.7,0.72,0.62,0.08,0.72,0.84,0.58,0.7,0.52,0.54,0.94,0.84,0.9,0.8,0.76,0.76,0.76,0.489795918367347,0.66,0.78,0.96,0.94,0.86,0.7,0.96,0,0,0.96,0.82,0.42,0.122448979591837,0.24,0.32,0.94,0,0.14,0.64,0.16,0.06,0.183673469387755,0.469387755102041,0.54,0.46,0.28,0.36,0.44,0.631578947368421,1,0.674418604651163,1,0.44,0.9,0.82,0.8,0.84,0.62,0.32,0.44,0.56,0.12,0.54,0,0.46,0.02,0.0222222222222222,0.08,0.0697674418604651,0.142857142857143,0.102040816326531,0.06,0.0666666666666667,0.4,0.0638297872340426,0.18,0.26,0.98,0.702127659574468,0.72,0.5,0.62,0.1,0.48,0.18,0,0.58,0.12,0.1,0.06,0.08,0.82,0,0.06,0.2,0.96,0.133333333333333,0.4,1,,0.58,0.36,0.7,0,0.64,0.2,0.02,0,0.16,0.94,0.7,0.76,0.54,0.4,0.68,0.62,0.22,0.12,0.48,0.22,0.14,0,0,0.72,0.58,0.96,0.76,0.62,0.98,0,0.76,0,0.28,0.2,0.34,0.96,0.8,0.92,0.8,0.78,0.22,0.22
33,"NY","36","+42.9133974,-075.5962723",0.04,0.28,0.18,0.86,0.42,0.6,0.18,0.78,0.2,0.3,0.28,0.304347826086957,0.22,0.4,0.06,0.5,0.18,1,1,0.34,0.56,0.42,0.68,0.76,0.56,0.72,0.7,0.9,0.12,0.12,0.6,0,0.48,0,0.5,0.52,0.32,0.68,0.22,0.82,0.48,0.326530612244898,0.24,0.12,0.38,0.72,0.9,0.92,0.74,1,0.86,0,0.86,0.98,0.510204081632653,0.3,0.92,0.76,0,0.96,0.24,0.78,0.28,0.183673469387755,0.775510204081633,0.12,0.96,0.68,0.96,0.92,0.0263157894736842,1,0.0232558139534884,0.125,0.02,0.44,0.26,0.06,0.8,0.1,0.94,0,0.02,0.06,0,0.28,0.94,0.28,0.622222222222222,0.9,1,0.959183673469388,0.959183673469388,1,1,0.1,0.468085106382979,0.98,0.08,0.5,0,0.96,0.92,0.52,0.98,0.92,0.98,0.72,0.9,0.64,0.5,0.52,0.9,0.96,0,0.44,1,0.34,0.422222222222222,0.94,1,,0.38,0.48,0.5,0,0.52,0.66,0.96,0.68,0.68,0.38,0.04,0.02,0.98,0.72,0.84,0.1,0.26,0.34,0,0,0.1,0,0.52,0.08,0.04,0.36,0.36,0.38,0.66,0.56,0,0.88,0.92,0.18,0.62,0.24,0.5,0.02,0.26,0.6,0.52,0.74
34,"NC","37","+35.5397100,-079.1308636",0.72,0.58,0.68,0.48,0.54,0.22,0.68,0.48,0.76,0.72,0.74,0.456521739130435,0.78,0.78,0.2,0.38,0.22,0.04,0.02,0.64,0.22,0.62,0.98,0.7,0.76,0.82,0.4,0.44,0.44,0.72,0.78,0,0.92,0.94,0.78,0.68,0.76,0.76,0.72,0.02,0.54,0.469387755102041,0.42,0.62,0.72,0.64,0.62,0.62,0.64,0,0.22,0.78,0.62,0.38,0.306122448979592,0.6,0.26,0.5,0.568181818181818,0.7,0.24,0.32,0.74,0.183673469387755,0.163265306122449,0.68,0.2,0.24,0.52,0.14,0.763157894736842,1,0.790697674418605,1,0.82,0.66,0.74,0.72,0.28,1,0.4,0.76,0.68,0.62,0.52,0.94,0.24,0.48,0.622222222222222,0.08,0.465116279069768,0.142857142857143,0.204081632653061,0.38,0.133333333333333,0.72,0.468085106382979,0.76,0.64,0.7,0,0.28,0.26,0.3,0.78,0.38,0.44,0.62,0.2,0.42,0.3,0.24,0.18,0.6,0,0.78,0.52,0.78,0.422222222222222,0.34,0.256410256410256,,0.72,0.82,0.94,0,0.94,0.48,0.44,0.8,0.92,0.66,0.58,0.26,0.16,0.28,0.4,0.66,0.7,0.72,0.88,0.56,0.48,0,0.24,0.42,0.46,0.26,0.2,0.24,0.18,0.9,0.54,0.84,0.74,0.74,0.34,0.82,0.4,0.66,0.24,0.3,0.46,0.42
35,"ND","38","+47.4569538,-100.4619304",0.26,0.2,0.02,0,0.06,0.92,0.42,0.1,0.46,0.3,0.66,1,0.66,0.72,0.72,0.68,0.46,0.22,0.14,0.34,0.52,0.2,0.04,0.42,0.36,0.5,0.88,0,0.32,0.64,0.06,0,0.28,0.04,0.16,0,0.12,0.34,0.26,0.2,0,0.73469387755102,0.62,0.22,0.08,0.14,0.06,0.08,0.6,0,0.68,0.72,0.24,0.08,1,0,0.72,0.54,0,0,0,0.54,0.64,0.183673469387755,0,0.56,0.1,0.6,0,0.28,1,0.555555555555556,1,1,0.66,0,0.54,0.62,0.7,0.36,0.32,0.96,0.96,0.52,0.98,0,0,0.06,0.0222222222222222,0,0.0697674418604651,0,0,0.02,0.133333333333333,0.14,0.0638297872340426,0.4,0.98,0.16,0,0.56,0.64,0.96,0.12,0,0,0,0.12,0.82,0.42,0.94,0.26,0.88,0,0.14,0.14,0.14,1,0.14,0.948717948717949,,0.06,0.44,0.2,0,0.2,0.36,0.32,0,0.34,0.16,0.88,0.98,0.2,0.94,0.64,0.46,0.1,0.24,0.94,0.84,0.64,1,0.42,0.62,0.74,0.42,1,0.94,0.28,0,0.28,0,0,0.98,0.9,0.26,0.24,0.82,0.9,0.2,0.34,0.44
36,"OH","39","+40.4149297,-082.7119975",0.78,0.72,0.84,0.7,0.94,0.36,0.86,0.48,0.76,0.84,0.82,0.630434782608696,0.72,0.62,0.18,0.72,0.44,0.38,0.54,0.6,0.6,0.14,0.66,0.64,0.8,0.56,0.22,0.48,0.66,0.36,0.24,0,0.12,0.52,0.66,0.46,0.66,0.58,0.98,0.42,0.58,0.591836734693878,0.5,0.72,0.78,0.26,0.22,0.1,0.82,0,0.5,0,0,0.82,0.510204081632653,0.88,0.88,0.62,0.568181818181818,0.8,0.24,0.54,0.58,0.183673469387755,0.63265306122449,0.48,0.46,0.14,0.62,0.4,0.5,1,0.395348837209302,1,0.4,0.6,0.66,0.46,0.52,0.38,0.78,0.16,0.2,0.02,0.34,0.74,0.54,0.98,0.222222222222222,0.54,1,0.591836734693878,0.63265306122449,0.78,0.577777777777778,0.4,0.0638297872340426,0.56,0.7,0.24,0,0.22,0.3,0.86,0.02,0.42,0.8,0.66,0.62,0.56,0.94,0.72,0.84,0.8,0,0.96,0.72,0.58,0.422222222222222,0.68,0.435897435897436,,0.4,0.72,0.28,0,0.26,1,0.6,0,0.66,0.46,0.26,0.62,0.76,0.64,0.66,0.48,0.6,0.5,0.28,0.4,0.18,0.8,0.48,0.38,0.5,0.72,0.62,0.7,0.74,0,0.6,0,0.5,0.42,0.58,0,0.58,0.06,0.04,0.72,0.92,0.76
37,"OK","40","+35.5894185,-097.4868683",0.88,0.88,0.88,0.4,0.36,0.06,0.82,0.8,0.86,0.82,0.92,0.630434782608696,0.86,0.92,0.58,0.9,0.66,0.16,0.04,0.84,0.62,0.86,0.58,0.78,0.94,0.88,0.2,0.94,0.98,0.66,0.1,0,0.88,0.18,0.84,0.46,0.86,0.74,1,0.3,0.92,0.326530612244898,0.86,0.9,0.88,0.62,0.44,0.54,0.16,0,0.18,0.64,0.74,0.28,0.122448979591837,0.54,0.64,0.82,0,0.14,0.06,0.92,0.7,0.183673469387755,0.408163265306122,0.6,0.46,0.18,0.1,0.02,0.973684210526316,0.666666666666667,0.674418604651163,1,0.56,0.86,0.96,0.88,1,0.66,0.72,0.7,0.76,0.38,0.48,0.3,0.3,0.6,0.622222222222222,0.08,0.348837209302326,0.591836734693878,0.63265306122449,0.32,0.133333333333333,0.62,0.468085106382979,0.36,0.46,0.74,0,0.82,0.58,0.18,0.64,0.26,0.42,0.48,0.08,0.52,0.6,0.66,0.2,0.16,0.98,0.58,0.34,0.8,0.422222222222222,0.42,0.512820512820513,,0.9,0.68,0.24,0,0.22,0.76,0,0,0.64,0.26,0.26,0.8,0.9,0.2,0.02,0.88,0.28,0.88,0.76,0.78,0.86,0,0.86,0.94,1,0.24,0.72,0.28,0.06,0,0.62,0,0.28,0.86,0.38,0.8,0.2,0.94,0.58,0.24,0.04,0.04
38,"OR","41","+43.9715225,-120.6226269",0.42,0.82,0.7,0.36,0.16,0.66,0.26,0.92,0.46,0.6,0.5,0.521739130434783,0.1,0.32,0.84,0.28,0.6,0.84,0.6,0.48,0.08,0.28,0.08,0.38,0.38,0.66,1,0.16,0.24,0.3,0.98,0,0.36,0.66,0.6,0.68,0.46,0.44,0.2,0.54,0.18,0.795918367346939,0.2,0.72,0.28,0.46,0.74,0.6,0.86,0,0.72,0.66,0.8,0.7,0.877551020408163,0.12,0.48,0.44,0,0.88,0.24,0.08,0.1,0,0.0816326530612245,0.2,0.82,0.88,0.72,0.18,0.210526315789474,1,0.395348837209302,1,0.12,0.24,0.26,0.26,0.12,0.3,0.48,0.36,0.44,0.76,0.58,0.36,0.52,0.88,1,0.54,0.465116279069768,1,1,0.38,0.577777777777778,0.82,0.468085106382979,0.46,0.56,0.42,0.702127659574468,0.3,0.46,0.38,0.44,0.46,0.4,0.3,0.42,0.74,0.8,0.5,0.88,0.86,0,0.32,0.5,0.04,0.0444444444444444,0.7,0.743589743589744,,0.1,0.24,0.52,0,0.48,0.26,0.88,0.58,0.26,0.04,1,0.06,0.74,0.36,0.34,0.14,0,0.12,0.34,0.92,0.76,0,0.88,0.26,0.28,0.2,0.16,0.16,0.6,0,0.32,0.68,0,0.14,0.3,0,0.98,0.1,0.88,0.96,0.14,0.14
39,"PA","42","+40.9042486,-077.8280624",0.56,0.56,0.72,0.72,0.9,0.74,0.08,0.64,0.58,0.64,0.58,0.934782608695652,0.52,0.6,0.24,0.18,0.52,0.14,0.24,0.4,0.74,0.48,0.24,0.08,0.16,0.26,0.48,0.72,0.22,0.54,0.36,0,0.08,0.16,0.36,0.44,0.4,0.4,0,0.44,0.26,0.877551020408163,0.18,0.64,0.28,0.22,0.38,0.28,0.08,0,0.48,0.28,0,0.88,0.510204081632653,0.4,0.84,0.48,0,0.36,0.64,0.22,0.3,0.673469387755102,0.714285714285714,0.42,0.42,0.4,0.88,0.84,0.552631578947369,0.444444444444444,0.186046511627907,1,0.56,0.66,0.38,0.3,0.32,0.08,0.74,0.12,0.14,0.36,0.12,0.32,0.78,0.92,0.222222222222222,0.9,1,0.591836734693878,0.63265306122449,0.78,1,0.82,0.468085106382979,0.96,0.48,0.06,0.702127659574468,0.84,0.7,0.8,0.7,0.86,0.66,0.64,0.86,0.98,0.76,0.74,0.64,0.68,0,0.98,0.82,0.64,0.133333333333333,0.66,1,,0.36,0.76,0.64,0,0.64,0.82,0.44,0.78,0.8,0.42,0.38,0.6,0.84,0.6,0.9,0.3,0.58,0.46,0.32,0.08,0.28,0.54,0.42,0.24,0.22,0.76,0.56,0.72,0.7,0.56,0.84,0,0.7,0.3,0.6,0,0.7,0.2,0.1,0.82,0.88,0.68
40,"RI","44","+41.5978358,-071.5252895",0.44,0.54,0.44,0.84,0.72,0.52,0.52,1,0.3,0.54,0.44,0.891304347826087,0.54,0.3,0,0.02,0.06,0.76,0.44,0.08,0.98,0.1,0.46,0.82,0.54,0.76,0.76,0.92,0.34,0.2,0.28,0,0.06,0.28,0.26,0.6,0.16,0.54,0.68,0.78,0.2,0.653061224489796,0.06,0.56,0.46,0.36,0.76,0.52,0.44,0,0.94,0,0.04,0.9,0.693877551020408,0.82,0.86,0.66,1,0.94,0.24,0.96,0.12,0.673469387755102,0.918367346938776,0.04,0.46,0.58,0.9,0.96,0.289473684210526,0.333333333333333,0.0697674418604651,0.75,0.18,0.36,0.18,0.12,0.64,0.02,0.96,0.14,0.22,0.14,0.22,0.42,0.92,0.52,0.222222222222222,0.54,1,0.591836734693878,0.63265306122449,0.78,0.577777777777778,0.4,0.0638297872340426,0.8,0.12,0.1,1,0.38,0,0.9,0.2,0.94,0.84,0,0.84,0.16,1,0.96,0.96,0.94,0,0.34,0.7,0.54,0,0.92,0.564102564102564,,0.08,0.1,0.54,0,0.52,0.56,0.8,0.6,0.1,0.12,0.06,0.14,0.92,0.86,0.8,0.04,0.34,0.3,0.24,0.14,0.02,0.54,0.46,0.06,0.08,0.58,0.22,0.4,0.88,0.8,0.42,0,0.98,0.16,0.8,0,0.9,0.12,0.4,0.7,0.74,0.86
41,"SC","45","+33.8741769,-080.8542699",0.84,0.7,0.8,0.56,0.56,0.2,0.88,0.4,0.82,0.72,0.66,0.41304347826087,0.84,0.88,0.4,0.26,0.3,0.06,0.16,0.78,0.86,0.46,0.74,0.86,0.92,0.6,0.1,0.76,0.68,0.98,0.56,0.7,0.9,0.76,0.8,0.8,0.84,0.82,0.96,0.18,0.94,0.653061224489796,0.36,0.82,0.76,0.66,0.38,0.44,0.28,0,0.1,0.98,0.44,0.58,0.122448979591837,0.8,0.24,0.68,0.568181818181818,0.36,0.64,0.54,0.18,0.673469387755102,0.183673469387755,0.82,0.28,0.38,0.38,0.16,1,1,0.790697674418605,1,0.66,0.82,0.88,0.92,0.7,0.98,0.38,0.78,0.64,0.96,0.68,0.84,0.14,0.62,0.622222222222222,0.54,0.465116279069768,0.142857142857143,0.204081632653061,0.38,0.133333333333333,0.72,0.468085106382979,0.62,0.66,0.78,0,0.2,0.78,0.44,0.34,0.54,0.26,0.58,0.18,0.14,0.52,0.4,0.44,0.08,0,0.62,0.38,0.44,1,0.32,0.282051282051282,,0.82,0.74,1,0,1,0.42,0.6,0.86,0.7,0.76,0.62,0.44,0.08,0.22,0.2,0.84,0.82,0.82,0.66,0.62,0.6,0,0.34,0.48,0.44,0.16,0.12,0.18,0.32,0.94,0.38,0.82,0.88,0.84,0.12,0.84,0.3,0.8,0.32,0.14,0.4,0.34
42,"SD","46","+44.4467957,-100.2381762",0.14,0.12,0,0.2,0.02,0.88,0.6,0,0.58,0.22,0.74,0.956521739130435,0.48,0.06,0.68,0.52,0.42,0.64,0.76,0.26,0.48,0,0.34,0.48,0.2,0,0.82,0.18,0.62,0.68,0.02,0.7,0.42,0.46,0.42,0.02,0.48,0.32,0,0.14,0.02,0.653061224489796,0.94,0.22,0.6,0.16,0.16,0.12,0.6,0,0.6,0.74,0.24,0.12,1,0.1,0.46,0.74,1,0.04,0.06,0.22,0.96,0.183673469387755,1,0.86,0.08,0.64,0.02,0.62,1,0.111111111111111,1,1,0.66,0.72,0.46,0.48,0.58,0.52,0,0.98,0.98,0.64,1,0,0.08,0.18,0.0222222222222222,0,0.0697674418604651,0.0408163265306122,0.0204081632653061,0.02,0.0222222222222222,0.18,0.0638297872340426,0.16,0.92,0.22,0,0.12,0.86,0.66,0.14,0.06,0.02,0,0.02,0.5,0.38,0.38,0.66,0.32,0,0.18,0.08,0.48,0.422222222222222,0.08,0.82051282051282,,0.3,0.42,0.12,0,0.1,0.58,0.02,0,0.42,0.52,0.96,0.56,0.34,0.88,0.78,0.52,0.52,0.38,1,0.76,0.94,0.94,0.52,0.76,0.82,0.68,0.94,0.84,0.14,0,0.66,0,0,1,0.76,0.64,0.1,0.86,0.72,0.26,0.42,0.4
43,"TN","47","+35.8585639,-086.3493573",0.9,0.94,0.94,0.46,0.78,0.1,0.22,0.8,0.86,0.94,0.88,0.630434782608696,0.88,0.88,0.46,0.62,0.62,0.8,0.9,0.92,0.82,0.26,0.6,0.6,0.62,0.52,0.12,0.38,0.84,0.74,0.2,0.7,0.82,0.84,0.82,0.58,0.78,0.88,0.88,0.08,0.88,0.775510204081633,0.36,0.86,0.6,0.4,0.22,0.46,0.46,0,0.24,0.68,0.44,0.28,0,0.72,0.38,0.88,0.568181818181818,0.54,0.24,0.54,0.72,0.183673469387755,0.530612244897959,0.74,0.64,0.68,0.34,0.06,0.868421052631579,1,0.883720930232558,1,0.92,0.84,0.86,0.82,0.92,0.86,0.46,0.72,0.62,0.5,0.92,0.5,0.16,0.68,0.622222222222222,0.54,0.465116279069768,0.142857142857143,0.204081632653061,0.62,0.577777777777778,0.72,0.468085106382979,0.6,0.42,0.56,0,0.44,0.56,0.2,0.58,0.14,0.24,0.44,0.06,0.22,0.16,0.3,0.38,0.14,0,0.72,0.4,0.82,0.422222222222222,0.36,0.230769230769231,,0.74,0.92,0.82,0,0.84,0.68,0.44,0,0.94,0.8,0.24,0.46,0.26,0.26,0.26,0.92,0.8,0.86,0.68,0.72,0.68,0,0.24,0.68,0.66,0.28,0.24,0.22,0.3,0,0.42,0,0.5,0.82,0.22,0.6,0.52,0.76,0.28,0.28,0.48,0.5
44,"TX","48","+31.4347032,-099.2818238",0.64,0.58,0.58,0.6,0.04,0.46,0.9,0.16,0.46,0.4,0.5,0.0434782608695652,0.64,0.64,0.74,0.92,0.64,0.98,0.98,0.9,0.38,0.32,0.86,0.72,0.6,0.62,0.18,0.3,0.88,0.32,0.5,0,1,0.22,0.74,0.4,0.72,0.94,0.76,0.5,0.8,0.0612244897959184,0.98,0.3,0.94,0.92,0.98,0.98,0.4,0,0.64,0.42,0.94,0.22,0,0.66,0.2,0.9,0.568181818181818,0.8,0.24,0.88,0.26,0.183673469387755,0.326530612244898,0.44,0.8,0.22,0.56,0.46,0.473684210526316,1,0.325581395348837,1,0.3,0.64,0.9,0.32,0.88,0.64,0.62,0.64,0.72,0.4,0.62,0.52,0.58,0.46,0.622222222222222,0.08,0.465116279069768,0.0408163265306122,0.102040816326531,0.48,0.133333333333333,0.22,0.468085106382979,0.06,0.5,0.9,0.702127659574468,0.18,0.16,0.6,0.68,0.36,0.32,0.8,0.48,0.48,0.62,0.82,0.42,0.76,0,0.8,0.66,0.3,0.422222222222222,0.82,0.794871794871795,,0.84,0.84,0.42,0,0.4,0.1,0.24,0.84,0.88,0.68,0.26,0.82,0.8,0.02,0.04,0.98,0.98,0.94,0.42,0.8,0.66,0,0.24,0.98,0.96,0.08,0.18,0.14,0.76,0.56,0.9,0.98,0.58,0.56,0.12,0.9,0.6,0.68,0.48,0.1,0.12,0.1
45,"UT","49","+39.3349735,-111.6563633",0.3,0.06,0.32,0.64,0.46,0,0.48,0.28,0,0.02,0.02,0.0652173913043478,0,0,0.94,0.44,0.9,0.5,0.7,0.12,0.04,0.02,0.3,0.12,0.14,0.08,0.64,0.04,0.4,0.24,0.94,0,0.68,0.26,0.14,0.14,0.7,0.02,0.4,0.98,0.78,0,1,0,0.08,0.42,0.62,0.64,0.14,0,0.44,0,0.82,0,0,0.18,0.1,0.06,0,0.04,0.06,0.1,0.24,0,0.897959183673469,0.1,0.18,0.62,0.84,0.56,0.0526315789473684,1,0.255813953488372,0.5,0.22,0.02,0.1,0.56,0.44,0.26,0.24,0.24,0.18,1,0.84,0,0.8,0.94,0.222222222222222,0.54,0.0697674418604651,0.387755102040816,0.387755102040816,0.62,0.133333333333333,0.94,0.0638297872340426,0.2,0.1,0.54,0.702127659574468,0.98,0.76,1,0.86,0.82,0.34,0.78,0.44,0.66,0.36,0.64,0.74,0.4,0,0.4,0.8,0.9,0.133333333333333,0.86,1,,0.44,0.12,0.26,0,0.26,0.44,0.72,0,0.14,0.78,0.66,0.64,0.32,0.56,0.36,0.74,0.16,0.12,0.38,0.82,0.98,0,0,0.66,0.48,0.98,0.96,0.96,0.9,0.56,0.1,0,0,0.12,1,0.78,0,0.74,0.74,0.88,0.44,0.96
46,"VT","50","+44.0605475,-072.6733540",0.02,0.46,0.5,0.1,0.58,0.56,0.2,0.9,0.3,0.42,0.36,0.956521739130435,0.16,0.1,0.66,0.22,0.72,0.78,0.62,0.16,0,0.94,0.16,0.02,0.02,0,0.98,0.18,0.08,1,0.8,0,0.08,0.96,0.3,0.16,0.28,0.12,0.08,0.72,0.06,1,0.04,0.7,0.18,0.04,0.02,0.06,0.9,0,0.3,0.76,0.24,0.28,0.714285714285714,0.14,0.14,0,0.568181818181818,0,0.88,0.04,0.98,1,0.26530612244898,0.8,0.16,0.94,0.2,0.78,0.736842105263158,1,0.953488372093023,1,0.98,0.46,0.02,0.1,0.16,0.18,0.1,0.3,0.34,0.46,0.4,0,0.06,0,0.0222222222222222,0.08,0.209302325581395,0.142857142857143,0.102040816326531,0.06,0.133333333333333,0.14,0.0638297872340426,0.22,0.2,0.08,0.893617021276596,0.88,0.12,0.02,0.94,0.28,0.04,0,0.36,0.76,0.54,0,0,0.02,0,0.08,0.1,0.32,0.422222222222222,0,0.0256410256410256,,0.02,0.08,0.22,0,0.22,0.04,0.24,0,0.08,0.06,0.92,0.12,0.12,0.96,1,0.22,0.34,0.2,0.8,0.28,0.08,0.86,0,0.16,0.18,0.86,0.6,0.98,0.82,0,0.72,0,0.64,0.62,0.96,0,0.64,0.44,0.52,0.9,0.98,0.94
47,"VA","51","+37.5222512,-078.6681938",0.5,0.26,0.42,0.28,0.44,0.36,0.46,0.16,0.2,0.26,0.24,0.304347826086957,0.44,0.58,0.16,0.4,0.18,0.1,0,0.16,0.2,0.82,0.62,0.4,0.3,0.4,0.58,0.18,0.2,0.46,1,0,0.72,0.8,0.18,0.3,0.22,0.6,0.42,0.36,0.36,0.285714285714286,0.32,0.22,0.24,0.7,0.54,0.68,0.5,0,0.56,0.24,0.14,0.26,0.122448979591837,0.22,0.42,0.32,0.568181818181818,0.36,0.24,0.32,0.76,0.183673469387755,0.285714285714286,0.32,0.34,0.24,0.58,0.72,0.447368421052632,1,0.558139534883721,1,0.56,0.22,0.32,0.42,0.24,0.78,0.56,0.6,0.66,0.22,0.26,0.4,0.68,0.24,0.622222222222222,0.08,0.348837209302326,0.387755102040816,0.387755102040816,0.18,0.133333333333333,0.4,0.468085106382979,0.84,0.3,0.62,0,0,0.84,0.14,0.54,0.62,0.68,0.52,0.34,0.72,0.14,0.16,0.12,0.04,0,0.5,0.64,0.62,0.422222222222222,0.52,0.333333333333333,,0.62,0.86,0.88,0,0.9,0.64,0.32,0.62,0.82,0.5,0.08,0.3,0.52,0.34,0.6,0.5,0.72,0.68,0.36,0.2,0.3,0,0.52,0.4,0.34,0.3,0.28,0.32,0.44,0.56,0.36,0.9,0.78,0.46,0.44,0.32,0.66,0.54,0.16,0.52,0.64,0.56
48,"WA","53","+47.4162296,-120.5996231",0.22,0.38,0.22,0.76,0.3,0.3,0.74,0.6,0.18,0.12,0.14,0.369565217391304,0.14,0.14,0.88,0.34,0.8,0.24,0.22,0.32,0.06,0.64,0.22,0.34,0.46,0.68,0.96,0.66,0.18,0.52,0.84,0,0.24,0.9,0.22,0.36,0.24,0.26,0.56,0.7,0.42,0.183673469387755,0.46,0.46,0.28,0.56,0.76,0.82,0.98,0,0.76,0.56,0.74,0.18,0.612244897959184,0.16,0.3,0.24,0,0.7,0.64,0.16,0.08,0,0.244897959183673,0.22,0.88,0.56,0.64,0.66,0.236842105263158,1,0.465116279069768,1,0.38,0.06,0.16,0.2,0.08,0.84,0.16,0.32,0.38,0.56,0.42,0.48,0.64,0.72,1,0.98,0.465116279069768,1,1,0.78,1,0.98,1,0.58,0.38,0.58,0,0.58,0.1,0.08,0.08,0.88,0.48,0.5,0.98,0.1,0.4,0.42,0.4,0.66,0,0.24,0.78,0.06,0.133333333333333,0.74,0.538461538461538,,0.12,0.2,0.68,0,0.56,0.6,0.72,0.74,0.18,0.02,0.68,0.18,0.36,0.54,0.48,0.02,0.02,0.04,0.16,0.94,0.96,0,0.84,0.2,0.26,0.54,0.38,0.26,0.5,0.56,0.06,0.66,0,0.1,0.24,0,1,0.08,0.78,1,0.24,0.3
49,"WV","54","+38.6472854,-080.6183274",0.86,1,1,0.22,1,0.02,0.24,0.98,0.94,1,1,1,1,1,0.02,0.46,0.58,0,0.24,0.96,0.94,0.56,0.36,0,0,0.06,0.08,0.02,0.94,0.9,0.04,0.7,0.34,0.82,0.9,0.94,0.94,0.86,0.44,0.34,0.82,0.979591836734694,0.14,1,0.38,0,0,0,0.52,0,0.06,1,0.04,0.94,0.122448979591837,0.62,0.78,0.72,0.568181818181818,0.14,0.06,0.1,0.86,0.673469387755102,0,0.98,0.02,1,0.06,0.86,0.789473684210526,0,1,1,1,0.92,0.66,0.98,0.94,0.4,0.36,0.54,0.46,0.78,0.5,0.56,0.22,0.54,0.222222222222222,0.08,0.348837209302326,0.142857142857143,0.204081632653061,0.18,0.577777777777778,0.62,0.468085106382979,0.94,0.06,0.26,0,0.32,0.48,0.94,0.56,0.32,0.22,0.32,0.94,0.18,0.72,0.12,0.56,0.44,1,0.54,0.58,0.66,1,0.12,0,,0.5,0.54,0.9,0,0.84,0.94,0.32,0,0.54,0.32,0.16,0.96,0.96,0.46,0.88,0.26,0.76,0.56,0.44,0.34,0.38,0.54,0.24,0.3,0.38,0.44,0.52,0.36,0.94,0,0.74,0,0.6,0.72,0.32,0,0.86,0.7,0.02,0.74,0.78,0.52
50,"WI","55","+44.6284840,-089.7119299",0.3,0.42,0.18,0.32,0.5,1,1,0.26,0.3,0.26,0.36,0.826086956521739,0.3,0.54,0.58,0.06,0.56,0.72,0.84,0.16,0.28,0.22,0.2,0.2,0.12,0.18,0.6,0.04,0.3,0.14,0.64,0,0.32,0.34,0.26,0.08,0.38,0.26,0.36,0.66,0.84,0.551020408163265,0.36,0.34,0.44,0.18,0.38,0.3,0.26,0,0.66,0.32,0.34,0.52,0.612244897959184,0.54,0.52,0.16,0.568181818181818,0.54,0.64,0.32,0.14,0.183673469387755,0.551020408163265,0.64,0.32,0.48,0.28,0.6,0.605263157894737,1,0.511627906976744,1,0.28,0.54,0.42,0.24,0.02,0.22,0.3,0.42,0.54,0.68,0.56,0.6,0.74,0.7,0.0222222222222222,0.54,0.465116279069768,0.387755102040816,0.387755102040816,0.7,0.577777777777778,0.4,0.0638297872340426,0.44,0.78,0.18,0.702127659574468,0.5,0.52,0.42,0.84,0.64,0.6,0.76,0.32,0.92,0.78,0.7,0.8,0.72,0,0.6,0.44,0.36,0.133333333333333,0.44,0.564102564102564,,0.22,0.4,0.08,0,0.06,0.52,0.32,0,0.3,0.28,0.78,0.58,0.62,0.82,0.58,0.44,0.18,0.38,0.5,0.32,0.4,0.8,0.34,0.34,0.52,0.5,0.78,0.9,0.22,0,0.26,0,0.24,0.58,0.74,0.22,0.22,0.26,0.38,0.66,0.8,0.82
51,"WY","56","+42.9918024,-107.5419255",0.18,0.34,0.22,0.02,0.18,0.56,0.62,0.2,0.2,0.44,0.32,0.456521739130435,0.3,0.18,0.94,1,1,0.3,0.76,0.38,0.58,0.98,0.48,0.52,0.1,0,0.06,0.48,0.8,0.88,0.72,0,0.8,0.6,0.32,0.24,0.34,0.16,0.12,0.52,0.1,0.326530612244898,0.7,0.48,0.18,0.28,0.22,0.26,0.2,0,0.32,0.94,0.44,0.02,0.979591836734694,0.04,0.28,0.18,0.568181818181818,0.36,0.24,0.32,1,0.183673469387755,0.102040816326531,0.92,0,0.8,0.08,0.54,1,0.888888888888889,1,1,0.66,0.4,0.46,0.78,0.68,0.58,0.02,0.68,0.78,0.98,0.44,0,0.38,0.16,0.0222222222222222,0,0,0.0408163265306122,0.0204081632653061,0.06,0,0.24,0,0.54,0.14,0.32,0,0.48,0.22,0.24,0.9,0.04,0.06,0,0.66,0.84,0.56,0.14,0.7,0.52,0,0.04,0.06,0.92,0.0444444444444444,0.22,0.974358974358974,,0.2,0.28,0.4,0,0.38,0.3,0.72,0,0.28,0.24,0.82,1,0.3,0.66,0.44,0.36,0.04,0.04,0.7,0.44,0.82,0.94,0,0.56,0.54,0.84,0.86,0.64,0.62,0,0.22,0,0,0.6,0.84,0.98,0.62,0.98,0.82,0.4,0.54,0.54
