row#,Name,FIPS,Source,ToxPi Score,Temperature,Storms,Wildfires,Droughts,Flooding,Precipitation
61669,"TX, Archer, 48009020100",48009020100,"33.7834399,-98.52597",0.46253357504829,0.612736844485275,0.588517873604425,0.831745526469786,0.639855305647421,9.58182191499555e-05,0.102250081863685
61670,"TX, Archer, 48009020200",48009020200,"33.6468145,-98.7818486",0.471403852434746,0.612736844485275,0.61624500665779,0.831113554025798,0.665981809356778,9.58182191499555e-05,0.102250081863685
61671,"TX, Archer, 48009020300",48009020300,"33.5235591,-98.5875742",0.467028359693158,0.612736844485275,0.613796988630544,0.835832739558619,0.637457685401676,9.58182191499555e-05,0.102250081863685
61703,"TX, Baylor, 48023950300",48023950300,"33.6188024,-99.2081888",0.4727780278228,0.632882751599757,0.614949298371402,0.841179774903877,0.581522258417154,9.58182191499555e-05,0.166038265425457
62269,"TX, Brown, 48049950100",48049950100,"31.9722689,-98.9991512",0.482371605841825,0.584837107588328,0.594637918672539,0.822518174212931,0.712555080501706,9.58182191499555e-05,0.179585535856294
62270,"TX, Brown, 48049950200",48049950200,"31.8423476,-99.1047331",0.500385608364512,0.578788692314337,0.588948069241012,0.833223413138273,0.782840667051162,9.58182191499555e-05,0.218416990223137
62271,"TX, Brown, 48049950300",48049950300,"31.7413525,-98.8472639",0.467965323899956,0.556521339060318,0.589378264877599,0.810652953393965,0.682920711507776,9.58182191499555e-05,0.168222856340927
62272,"TX, Brown, 48049950500",48049950500,"31.6819285,-99.1410522",0.5006483361539,0.579427809431815,0.565143910683192,0.837956483915351,0.802385889888375,9.58182191499555e-05,0.218880104785517
62273,"TX, Brown, 48049950600",48049950600,"31.7302058,-98.9950847",0.454443009969752,0.570054922605122,0.439936494929837,0.79795297614614,0.72945659984791,9.58182191499555e-05,0.189161248070356
62274,"TX, Brown, 48049950700",48049950700,"31.7180699,-98.971418",0.434142692107953,0.556521339060318,0.42627266209157,0.792078458953284,0.661665017982466,9.58182191499555e-05,0.168222856340927
62275,"TX, Brown, 48049950800",48049950800,"31.7059809,-98.9891955",0.422752403897465,0.556747375307351,0.382264672744034,0.766587062560021,0.662400165368663,9.58182191499555e-05,0.168419329185573
62276,"TX, Brown, 48049950900",48049950900,"31.6927723,-98.9828173",0.423802956381833,0.556786343309529,0.398494315271945,0.754469686337332,0.664468043319761,9.58182191499555e-05,0.168503531833279
62277,"TX, Brown, 48049951000",48049951000,"31.7013575,-98.9628283",0.433039276546472,0.556521339060318,0.411456519512445,0.794290362507241,0.667648763638751,9.58182191499555e-05,0.168222856340927
62278,"TX, Brown, 48049951100",48049951100,"31.6712645,-98.9757531",0.446189088183166,0.556765560265894,0.482377343029806,0.798302466508329,0.671131910566391,9.58182191499555e-05,0.168461430509426
62279,"TX, Brown, 48049951200",48049951200,"31.7561274,-98.9423586",0.457921411393196,0.5567941359277,0.551418621325412,0.806222735498064,0.66447491385608,9.58182191499555e-05,0.168522243532769
62280,"TX, Brown, 48049951300",48049951300,"31.5779312,-99.0358128",0.50393208910996,0.576958031756412,0.592133565502407,0.825981213775193,0.824457025114697,9.58182191499555e-05,0.203966880291902
62308,"TX, Callahan, 48059030101",48059030101,"32.4026008,-99.4865465",0.475622047175882,0.608461604313383,0.563873809279935,0.833518682939231,0.661114454190296,9.58182191499555e-05,0.186667914113299
62309,"TX, Callahan, 48059030102",48059030102,"32.3011068,-99.5224739",0.5041533444461,0.608461604313383,0.651213766260371,0.835290953488675,0.743190010281722,9.58182191499555e-05,0.186667914113299
62310,"TX, Callahan, 48059030200",48059030200,"32.3136928,-99.2834471",0.505098217109779,0.608461604313383,0.653200860391273,0.836877753864339,0.745285351757229,9.58182191499555e-05,0.186667914113299
62434,"TX, Clay, 48077030200",48077030200,"33.8275374,-98.1839936",0.448365005689798,0.612736844485275,0.529468401106217,0.83485043456416,0.610788453900303,9.58182191499555e-05,0.102250081863685
62435,"TX, Clay, 48077030301",48077030301,"33.9618271,-98.2192715",0.472843440778124,0.616348099130915,0.62106422206289,0.831463824505441,0.66403291988587,9.58182191499555e-05,0.104055760864481
62436,"TX, Clay, 48077030302",48077030302,"33.6448014,-98.1916271",0.466898962859981,0.61210542510831,0.621786336167162,0.835523535138881,0.630848841129553,9.58182191499555e-05,0.101033821396828
62440,"TX, Coleman, 48083950300",48083950300,"31.8284934,-99.393105",0.485706408493474,0.579427809431815,0.552509474546758,0.817273124906147,0.746052119071459,9.58182191499555e-05,0.218880104785517
62441,"TX, Coleman, 48083950600",48083950600,"31.9558857,-99.4506778",0.503699604872804,0.592225905063519,0.608158352965277,0.835984997607234,0.774561670786051,9.58182191499555e-05,0.211170884595593
62442,"TX, Coleman, 48083950700",48083950700,"31.6497778,-99.4663176",0.513631980945711,0.579427809431815,0.603728362183755,0.832440463561851,0.847219327492178,9.58182191499555e-05,0.218880104785517
62625,"TX, Comanche, 48093950100",48093950100,"32.110318,-98.5976725",0.426150299235066,0.585894017809347,0.607835706237837,0.808426632761609,0.439329416424929,9.58182191499555e-05,0.115320203957524
62626,"TX, Comanche, 48093950200",48093950200,"31.9169411,-98.6637063",0.46912886730999,0.569230011101838,0.612275939772611,0.809539958835112,0.661241991906341,9.58182191499555e-05,0.162389484024887
62627,"TX, Comanche, 48093950300",48093950300,"31.9056761,-98.5847547",0.452343633577757,0.556521339060318,0.511461640889071,0.799394226919011,0.678365920038067,9.58182191499555e-05,0.168222856340927
62628,"TX, Comanche, 48093950400",48093950400,"31.8550383,-98.3741211",0.478215118850232,0.565687978010574,0.608470756939465,0.80980802101711,0.719316177461195,9.58182191499555e-05,0.165911961453899
62657,"TX, Cottle, 48101950100",48101950100,"34.0919063,-100.2764416",0.573632457180959,0.793684151176012,0.651034518078459,0.876115604143431,0.90386039455707,9.58182191499555e-05,0.217004256911634
63355,"TX, Eastland, 48133950100",48133950100,"32.4328061,-98.5750045",0.430824303822444,0.586263162905012,0.626052442896651,0.80768463356764,0.450904871301211,9.58182191499555e-05,0.113944894045002
63356,"TX, Eastland, 48133950200",48133950200,"32.417369,-98.8061548",0.431169268024864,0.586263162905012,0.624818191129776,0.811764977390777,0.450128564459465,9.58182191499555e-05,0.113944894045002
63357,"TX, Eastland, 48133950300",48133950300,"32.3922949,-99.014021",0.478988848415944,0.600160530021681,0.629560585885486,0.823342450828877,0.661111451716269,9.58182191499555e-05,0.159662253824204
63358,"TX, Eastland, 48133950400",48133950400,"32.1532269,-98.9899396",0.453588559957462,0.597757264097964,0.627020383078972,0.82025069864653,0.529225645437852,9.58182191499555e-05,0.147181550264303
63359,"TX, Eastland, 48133950500",48133950500,"32.2509271,-98.7127383",0.427045875809457,0.586263162905012,0.629611799651746,0.811297867323482,0.421061712712347,9.58182191499555e-05,0.113944894045002
63611,"TX, Fisher, 48151950300",48151950300,"32.6420058,-100.3982035",0.539115786624704,0.625198737074057,0.665492164293762,0.858591328647412,0.860079266826561,9.58182191499555e-05,0.225237404687281
63612,"TX, Fisher, 48151950400",48151950400,"32.854216,-100.3931655",0.540356027923785,0.625198737074057,0.664826385332377,0.852175434487798,0.874602387742044,9.58182191499555e-05,0.225237404687281
63615,"TX, Foard, 48155950100",48155950100,"33.9633063,-99.8168285",0.497187914653092,0.64539786000496,0.637170951551777,0.845150763470537,0.680114452346266,9.58182191499555e-05,0.175197642325864
63898,"TX, Hardeman, 48197950100",48197950100,"34.2899036,-99.7456973",0.49909507166459,0.66595423290623,0.65059407968862,0.829845257972769,0.667878019261305,9.58182191499555e-05,0.180203021939468
64711,"TX, Haskell, 48207950300",48207950300,"33.120371,-99.6317724",0.488758763537003,0.632199426618741,0.65797398340674,0.825243070026072,0.645075086712364,9.58182191499555e-05,0.171965196238948
64712,"TX, Haskell, 48207950400",48207950400,"33.367944,-99.9894914",0.481688428336881,0.632654098909644,0.659505275017925,0.786610446717537,0.642120523616213,9.58182191499555e-05,0.169144407540815
64951,"TX, Jack, 48237950100",48237950100,"33.2988863,-98.1569667",0.466279773689546,0.609948960774962,0.639931373553211,0.831703238743126,0.617940589668926,9.58182191499555e-05,0.0980586611779015
64952,"TX, Jack, 48237950300",48237950300,"33.2126831,-98.1637272",0.442045902634305,0.612736844485275,0.515241216839086,0.832617923213116,0.589333531185519,9.58182191499555e-05,0.102250081863685
64953,"TX, Jack, 48237950500",48237950500,"33.0153528,-98.428315",0.467602196676183,0.609935968570133,0.639142681552801,0.830679715333093,0.627709691053763,9.58182191499555e-05,0.0980493053281564
65076,"TX, Jones, 48253020101",48253020101,"32.5690339,-99.7093182",0.513519624175075,0.608461604313383,0.639342415241217,0.822198133073018,0.824351860090385,9.58182191499555e-05,0.186667914113299
65077,"TX, Jones, 48253020102",48253020102,"32.5487573,-99.6251588",0.47206769033211,0.608461604313383,0.519983611594797,0.803678592757902,0.713518600994129,9.58182191499555e-05,0.186667914113299
65078,"TX, Jones, 48253020200",48253020200,"32.751904,-99.8938217",0.493358783741965,0.608461604313383,0.589275837345078,0.75882228776617,0.816829240694711,9.58182191499555e-05,0.186667914113299
65079,"TX, Jones, 48253020300",48253020300,"32.841051,-100.0707215",0.533189779106297,0.623546339660099,0.648847690259142,0.830914693199406,0.874416829655884,9.58182191499555e-05,0.221317303644103
65080,"TX, Jones, 48253020400",48253020400,"32.905538,-99.7880548",0.505745107812693,0.608461604313383,0.646747925842466,0.752165969307213,0.840331415080646,9.58182191499555e-05,0.186667914113299
65081,"TX, Jones, 48253020500",48253020500,"32.7000063,-99.881746",0.521872198404896,0.61123649013215,0.659920106524634,0.816985007921713,0.845938182376549,9.58182191499555e-05,0.197057585255181
65112,"TX, Kent, 48263950100",48263950100,"33.1847797,-100.7697199",0.55789292291582,0.750734632350809,0.633657687186316,0.878148758665737,0.861087764616906,9.58182191499555e-05,0.223632876456004
65133,"TX, Knox, 48275950100",48275950100,"33.6218968,-99.7825399",0.481855030618521,0.634662452764927,0.625647854143194,0.839826760916765,0.622127124116078,9.58182191499555e-05,0.168770173551013
65134,"TX, Knox, 48275950200",48275950200,"33.4841615,-99.5995843",0.464802402171865,0.634662452764927,0.613807231383796,0.749832511039786,0.621646226072519,9.58182191499555e-05,0.168770173551013
65409,"TX, Mitchell, 48335950200",48335950200,"32.4152718,-100.851471",0.528804754062185,0.625198737074057,0.620403564478132,0.869520330368981,0.83237266954551,9.58182191499555e-05,0.225237404687281
65410,"TX, Mitchell, 48335950400",48335950400,"32.2658166,-100.910502",0.543201456655999,0.638960677606956,0.633913756017618,0.8764721485731,0.864689855447505,9.58182191499555e-05,0.245076484071666
65411,"TX, Montague, 48337950100",48337950100,"33.7600128,-97.5734992",0.469575946146382,0.597292129410106,0.670808153231589,0.805692196662181,0.613623982246227,9.58182191499555e-05,0.129943397109042
65412,"TX, Montague, 48337950200",48337950200,"33.8428142,-97.7843399",0.469286283043231,0.597292129410106,0.628029294274301,0.80892762080477,0.651429438442018,9.58182191499555e-05,0.129943397109042
65413,"TX, Montague, 48337950300",48337950300,"33.7867517,-97.7291848",0.433695847894409,0.597292129410106,0.482264672744034,0.797696371392598,0.594882698491527,9.58182191499555e-05,0.129943397109042
65414,"TX, Montague, 48337950400",48337950400,"33.5846759,-97.7733166",0.465636626915243,0.597292129410106,0.628602888456417,0.807491944274406,0.630393584022336,9.58182191499555e-05,0.129943397109042
65415,"TX, Montague, 48337950500",48337950500,"33.5609483,-97.843845",0.44102651946909,0.597292129410106,0.517709720372836,0.801522552385001,0.599595499318405,9.58182191499555e-05,0.129943397109042
65416,"TX, Montague, 48337950600",48337950600,"33.585641,-97.6326462",0.46967556413555,0.597292129410106,0.670203830789716,0.807780453433618,0.612737755851669,9.58182191499555e-05,0.129943397109042
65511,"TX, Nolan, 48353950100",48353950100,"32.4442471,-100.3446966",0.539575497565197,0.625198737074057,0.669481716685445,0.873779275100202,0.843660033625046,9.58182191499555e-05,0.225237404687281
65512,"TX, Nolan, 48353950200",48353950200,"32.4828094,-100.3972167",0.493717076075602,0.625198737074057,0.483130185393834,0.784980277454243,0.843660033625046,9.58182191499555e-05,0.225237404687281
65513,"TX, Nolan, 48353950300",48353950300,"32.4686718,-100.421267",0.503462087357071,0.625198737074057,0.512332274915497,0.833339907950689,0.824568381295752,9.58182191499555e-05,0.225237404687281
65514,"TX, Nolan, 48353950400",48353950400,"32.4630189,-100.3932368",0.515142162035409,0.625198737074057,0.561523097408584,0.852395250990055,0.826402663833327,9.58182191499555e-05,0.225237404687281
65515,"TX, Nolan, 48353950500",48353950500,"32.2671635,-100.418308",0.544189621824509,0.625198737074057,0.674454573389327,0.876101086905287,0.864050110671949,9.58182191499555e-05,0.225237404687281
65770,"TX, Runnels, 48399950100",48399950100,"31.9739648,-99.9894106",0.514733979973209,0.600758318808274,0.610995595616102,0.839463424809936,0.810917732724008,9.58182191499555e-05,0.226172989661786
65771,"TX, Runnels, 48399950200",48399950200,"31.9557748,-99.9674619",0.460427360153673,0.579529142152409,0.465271945098843,0.780769916124497,0.717947065668534,9.58182191499555e-05,0.218950273658605
65772,"TX, Runnels, 48399950500",48399950500,"31.6651284,-100.0562528",0.512942786515417,0.588533102607689,0.57348151183038,0.835741150383859,0.841895232884469,9.58182191499555e-05,0.237909903166955
65773,"TX, Runnels, 48399950600",48399950600,"31.7761641,-99.8944628",0.51410692028776,0.58514207400317,0.609049472498208,0.834254478718207,0.829426150664682,9.58182191499555e-05,0.226673527623146
65816,"TX, Scurry, 48415950100",48415950100,"32.8518937,-100.8317486",0.562243720937925,0.725466626948831,0.676016593260268,0.874473092095959,0.865520781247331,9.58182191499555e-05,0.231889413856013
65817,"TX, Scurry, 48415950200",48415950200,"32.7266548,-101.0847575",0.572430450539576,0.744584897197809,0.6745672436751,0.875057198338677,0.857847831627928,9.58182191499555e-05,0.28242971417879
65818,"TX, Scurry, 48415950300",48415950300,"32.7002209,-100.936898",0.537891922953627,0.723790870182942,0.589936494929837,0.864711844382119,0.823579105320431,9.58182191499555e-05,0.225237404687281
65819,"TX, Scurry, 48415950600",48415950600,"32.6250902,-100.8078646",0.556949743028472,0.723790870182942,0.671678787258015,0.867232864892374,0.853662712931074,9.58182191499555e-05,0.225237404687281
65820,"TX, Shackelford, 48417950300",48417950300,"32.7438198,-99.3470045",0.525918073683782,0.608461604313383,0.647680016388405,0.838588201022523,0.874014888045931,9.58182191499555e-05,0.186667914113299
65886,"TX, Stephens, 48429950200",48429950200,"32.7531067,-98.9386882",0.423004124010804,0.586263162905012,0.570132131516952,0.811874885641905,0.455713851736801,9.58182191499555e-05,0.113944894045002
65887,"TX, Stephens, 48429950300",48429950300,"32.7423546,-98.8743189",0.42439622724387,0.586263162905012,0.579693741677763,0.810665894879494,0.455713851736801,9.58182191499555e-05,0.113944894045002
65888,"TX, Stephens, 48429950500",48429950500,"32.7360198,-98.8257079",0.460072028025351,0.591300951361301,0.647654409505275,0.815200238000321,0.584026098869776,9.58182191499555e-05,0.122154652196286
65890,"TX, Stonewall, 48433950300",48433950300,"33.1795797,-100.2538069",0.55502445131434,0.748809455219452,0.633662808562942,0.873504970003592,0.858098542441225,9.58182191499555e-05,0.215975113439678
66252,"TX, Taylor, 48441010100",48441010100,"32.4703598,-99.7043053",0.467763442932301,0.608461604313383,0.522907917648264,0.793539556591317,0.694907846708395,9.58182191499555e-05,0.186667914113299
66253,"TX, Taylor, 48441010200",48441010200,"32.4810093,-99.7294294",0.456810106880674,0.608461604313383,0.4875294479156,0.763198010014215,0.694907846708395,9.58182191499555e-05,0.186667914113299
66254,"TX, Taylor, 48441010300",48441010300,"32.4835952,-99.7525543",0.454620896010153,0.608461604313383,0.464006965072212,0.764949672766572,0.703543401576305,9.58182191499555e-05,0.186667914113299
66255,"TX, Taylor, 48441010400",48441010400,"32.4743688,-99.7486056",0.435040430561605,0.608461604313383,0.429821776093414,0.690287623921989,0.694907846708395,9.58182191499555e-05,0.186667914113299
66256,"TX, Taylor, 48441010500",48441010500,"32.4744604,-99.7668545",0.424864132863012,0.608461604313383,0.425847587831609,0.633204025992236,0.694907846708395,9.58182191499555e-05,0.186667914113299
66257,"TX, Taylor, 48441010600",48441010600,"32.4658221,-99.7696788",0.442417092222988,0.608461604313383,0.44883744750589,0.717991372472012,0.692448396714193,9.58182191499555e-05,0.186667914113299
66258,"TX, Taylor, 48441010700",48441010700,"32.4655403,-99.7489471",0.426022861314337,0.608461604313383,0.430108573184472,0.649188807265706,0.681614450790013,9.58182191499555e-05,0.186667914113299
66259,"TX, Taylor, 48441010800",48441010800,"32.4657304,-99.7285941",0.434233864251747,0.608461604313383,0.449795144934959,0.674996638483767,0.685386065445926,9.58182191499555e-05,0.186667914113299
66260,"TX, Taylor, 48441010900",48441010900,"32.4480211,-99.7032382",0.46376002731505,0.608461604313383,0.541155382566834,0.764564993887623,0.681614450790013,9.58182191499555e-05,0.186667914113299
66261,"TX, Taylor, 48441011000",48441011000,"32.454661,-99.7319459",0.428788346485818,0.608461604313383,0.446138482023968,0.652451708471077,0.678914551774031,9.58182191499555e-05,0.186667914113299
66262,"TX, Taylor, 48441011200",48441011200,"32.4556264,-99.7493851",0.389691202280343,0.608461604313383,0.43679196968145,0.427215355580743,0.678914551774031,9.58182191499555e-05,0.186667914113299
66263,"TX, Taylor, 48441011300",48441011300,"32.4565659,-99.7715276",0.431913093568096,0.608461604313383,0.458752432653897,0.655886341318836,0.681614450790013,9.58182191499555e-05,0.186667914113299
66264,"TX, Taylor, 48441011400",48441011400,"32.4420784,-99.7789804",0.437096090658131,0.608461604313383,0.477225238144013,0.673698347267314,0.676427621891626,9.58182191499555e-05,0.186667914113299
66265,"TX, Taylor, 48441011500",48441011500,"32.4411687,-99.7648247",0.432045794438029,0.608461604313383,0.450138277168903,0.670483530921811,0.676427621891626,9.58182191499555e-05,0.186667914113299
66266,"TX, Taylor, 48441011600",48441011600,"32.4377393,-99.7511767",0.426666027709799,0.608461604313383,0.436028884564171,0.652314323157167,0.676427621891626,9.58182191499555e-05,0.186667914113299
66267,"TX, Taylor, 48441011700",48441011700,"32.446236,-99.7415868",0.429143344189095,0.608461604313383,0.448268974700399,0.657376971974763,0.673988781813577,9.58182191499555e-05,0.186667914113299
66268,"TX, Taylor, 48441011900",48441011900,"32.4371201,-99.7347534",0.422235367189944,0.608461604313383,0.434820239680426,0.629377844999833,0.673988781813577,9.58182191499555e-05,0.186667914113299
66269,"TX, Taylor, 48441012000",48441012000,"32.4148055,-99.7052415",0.463155308623197,0.608461604313383,0.530892143808256,0.778825589471518,0.673988781813577,9.58182191499555e-05,0.186667914113299
66270,"TX, Taylor, 48441012100",48441012100,"32.4202211,-99.7182655",0.442334886719547,0.608461604313383,0.417387073645396,0.774621598865861,0.666775311160191,9.58182191499555e-05,0.186667914113299
66271,"TX, Taylor, 48441012200",48441012200,"32.4098158,-99.7340673",0.464426350476737,0.608461604313383,0.529842261599918,0.785062882723048,0.676427621891626,9.58182191499555e-05,0.186667914113299
66272,"TX, Taylor, 48441012300",48441012300,"32.4241912,-99.7508217",0.421697966638472,0.608461604313383,0.45861927686162,0.599915564431757,0.676427621891626,9.58182191499555e-05,0.186667914113299
66273,"TX, Taylor, 48441012400",48441012400,"32.40584,-99.7514832",0.443543918266338,0.608461604313383,0.489101710539793,0.702947680598828,0.673988781813577,9.58182191499555e-05,0.186667914113299
66274,"TX, Taylor, 48441012500",48441012500,"32.4198279,-99.764738",0.425049426334063,0.608461604313383,0.443255146983509,0.635388452483411,0.676427621891626,9.58182191499555e-05,0.186667914113299
66275,"TX, Taylor, 48441012600",48441012600,"32.4238105,-99.7751878",0.424501612364597,0.608461604313383,0.459930349277886,0.615426366372236,0.676427621891626,9.58182191499555e-05,0.186667914113299
66276,"TX, Taylor, 48441012700",48441012700,"32.3841999,-99.7592801",0.467134450202904,0.608461604313383,0.530979207210898,0.807291826513744,0.669310330846952,9.58182191499555e-05,0.186667914113299
66277,"TX, Taylor, 48441012801",48441012801,"32.4009827,-99.7689618",0.419779204677533,0.608461604313383,0.444427942230872,0.605033167374917,0.673988781813577,9.58182191499555e-05,0.186667914113299
66278,"TX, Taylor, 48441012802",48441012802,"32.4080683,-99.7876489",0.454429818750514,0.608461604313383,0.514053057461846,0.740872896503782,0.676427621891626,9.58182191499555e-05,0.186667914113299
66279,"TX, Taylor, 48441012900",48441012900,"32.4197423,-99.8205423",0.456889140876944,0.608461604313383,0.469870941309024,0.802249785493234,0.673988781813577,9.58182191499555e-05,0.186667914113299
66280,"TX, Taylor, 48441013000",48441013000,"32.4238762,-99.8424753",0.483387018291005,0.608461604313383,0.566603503021612,0.81181867260709,0.726674597471494,9.58182191499555e-05,0.186667914113299
66281,"TX, Taylor, 48441013100",48441013100,"32.456686,-99.8140366",0.480810086187629,0.608461604313383,0.568191129775684,0.791870325027307,0.72957372567695,9.58182191499555e-05,0.186667914113299
66282,"TX, Taylor, 48441013200",48441013200,"32.4874986,-99.8325354",0.496220623352278,0.608461604313383,0.610959745979719,0.818818454350823,0.752320203137292,9.58182191499555e-05,0.186667914113299
66283,"TX, Taylor, 48441013300",48441013300,"32.4922967,-99.681792",0.488331764210142,0.608461604313383,0.607559151900031,0.809963970869301,0.717242125845686,9.58182191499555e-05,0.186667914113299
66284,"TX, Taylor, 48441013401",48441013401,"32.4237274,-99.7997936",0.454788470364343,0.608461604313383,0.495047628802622,0.762030234845977,0.676427621891626,9.58182191499555e-05,0.186667914113299
66285,"TX, Taylor, 48441013402",48441013402,"32.3627667,-99.8173342",0.48363730374262,0.608461604313383,0.609909863771382,0.820261000146882,0.676427621891626,9.58182191499555e-05,0.186667914113299
66286,"TX, Taylor, 48441013404",48441013404,"32.3579439,-99.6864126",0.48750073138127,0.608461604313383,0.621755607907406,0.82640899294437,0.681614450790013,9.58182191499555e-05,0.186667914113299
66287,"TX, Taylor, 48441013500",48441013500,"32.2028127,-99.8614564",0.511598748739551,0.612834346749108,0.654506811430913,0.844489677551026,0.75996737752439,9.58182191499555e-05,0.197698460962717
66288,"TX, Taylor, 48441013600",48441013600,"32.3991003,-100.0146292",0.527778398098971,0.618643691126788,0.652965277066476,0.852851924129737,0.830591949090644,9.58182191499555e-05,0.211521728961033
66289,"TX, Taylor, 48441980000",48441980000,"32.4113064,-99.684058",0.467172858137597,0.608461604313383,0.529837140223292,0.821682938145854,0.656291733810604,9.58182191499555e-05,0.186667914113299
66294,"TX, Throckmorton, 48447950300",48447950300,"33.1706954,-99.205796",0.484406100576433,0.631123810354673,0.64753149646625,0.838019129745084,0.623810522318011,9.58182191499555e-05,0.165855826355429
66712,"TX, Wichita, 48485010100",48485010100,"33.9036917,-98.4860405",0.424674476157207,0.612736844485275,0.459203113796989,0.742486288022227,0.631274710555918,9.58182191499555e-05,0.102250081863685
66713,"TX, Wichita, 48485010200",48485010200,"33.9060716,-98.4988911",0.387754723066516,0.612736844485275,0.415502407047014,0.564668476228053,0.631274710555918,9.58182191499555e-05,0.102250081863685
66714,"TX, Wichita, 48485010400",48485010400,"33.9211714,-98.4759061",0.43495921461994,0.612736844485275,0.464652258527092,0.798745574068518,0.631274710555918,9.58182191499555e-05,0.102250081863685
66715,"TX, Wichita, 48485010600",48485010600,"33.8908955,-98.4973506",0.399330483479779,0.612736844485275,0.402079278910171,0.647546166844475,0.631274710555918,9.58182191499555e-05,0.102250081863685
66716,"TX, Wichita, 48485010700",48485010700,"33.8954766,-98.5107848",0.37184797115778,0.612736844485275,0.398350916726416,0.486379455096237,0.631274710555918,9.58182191499555e-05,0.102250081863685
66717,"TX, Wichita, 48485010800",48485010800,"33.8947558,-98.5201818",0.360905078763475,0.612736844485275,0.397065451193281,0.422007566263539,0.631274710555918,9.58182191499555e-05,0.102250081863685
66718,"TX, Wichita, 48485010900",48485010900,"33.9035146,-98.5255606",0.396007527570205,0.612736844485275,0.397137150466045,0.63255055983116,0.631274710555918,9.58182191499555e-05,0.102250081863685
66719,"TX, Wichita, 48485011000",48485011000,"33.9111676,-98.5148874",0.423581544217091,0.612736844485275,0.438062071084708,0.757069739093812,0.631274710555918,9.58182191499555e-05,0.102250081863685
66720,"TX, Wichita, 48485011100",48485011100,"33.9302213,-98.5047001",0.430791320898229,0.612736844485275,0.475550547987299,0.762839922278046,0.631274710555918,9.58182191499555e-05,0.102250081863685
66721,"TX, Wichita, 48485011200",48485011200,"33.9900666,-98.4655136",0.466961807609302,0.618353925218627,0.587109495032265,0.805773535403951,0.684871341183514,9.58182191499555e-05,0.105566730598307
66722,"TX, Wichita, 48485011300",48485011300,"33.9134831,-98.4397851",0.452249479739266,0.612736844485275,0.538835398955239,0.828304024356331,0.631274710555918,9.58182191499555e-05,0.102250081863685
66723,"TX, Wichita, 48485011400",48485011400,"33.8942159,-98.4646726",0.440268217776548,0.612736844485275,0.485158250537745,0.810093600997513,0.631274710555918,9.58182191499555e-05,0.102250081863685
66724,"TX, Wichita, 48485011500",48485011500,"33.8561524,-98.4548602",0.455542029422273,0.612736844485275,0.557072621120557,0.830131249031339,0.63096556181363,9.58182191499555e-05,0.102250081863685
66725,"TX, Wichita, 48485011600",48485011600,"33.8616293,-98.4937934",0.441565817908155,0.612736844485275,0.499943664857114,0.803402936210079,0.63096556181363,9.58182191499555e-05,0.102250081863685
66726,"TX, Wichita, 48485011700",48485011700,"33.8699053,-98.5003445",0.405404700792172,0.612736844485275,0.408045682679504,0.678334215691786,0.63096556181363,9.58182191499555e-05,0.102250081863685
66727,"TX, Wichita, 48485011800",48485011800,"33.8614164,-98.5055312",0.424983374360148,0.612736844485275,0.41770459899621,0.786147340782938,0.63096556181363,9.58182191499555e-05,0.102250081863685
66728,"TX, Wichita, 48485011900",48485011900,"33.8772664,-98.5116034",0.424738321674371,0.612736844485275,0.448540407661579,0.75353206726062,0.631274710555918,9.58182191499555e-05,0.102250081863685
66729,"TX, Wichita, 48485012000",48485012000,"33.8663954,-98.5268181",0.421305776710761,0.612736844485275,0.475294479155997,0.701250086052034,0.636207350488423,9.58182191499555e-05,0.102250081863685
66730,"TX, Wichita, 48485012100",48485012100,"33.8645751,-98.5420174",0.384774146626903,0.612736844485275,0.404542661067295,0.552812123637589,0.636207350488423,9.58182191499555e-05,0.102250081863685
66731,"TX, Wichita, 48485012200",48485012200,"33.8531148,-98.5547615",0.447412680360308,0.612736844485275,0.524823312506402,0.807112339685659,0.637457685401676,9.58182191499555e-05,0.102250081863685
66732,"TX, Wichita, 48485012300",48485012300,"33.846314,-98.5824823",0.446972415648833,0.612736844485275,0.513704803851275,0.813191639826192,0.639855305647421,9.58182191499555e-05,0.102250081863685
66733,"TX, Wichita, 48485012400",48485012400,"33.857844,-98.6126566",0.454059262824253,0.612736844485275,0.546732561712588,0.822684965017398,0.639855305647421,9.58182191499555e-05,0.102250081863685
66734,"TX, Wichita, 48485012600",48485012600,"33.879424,-98.5464763",0.389753604736792,0.612736844485275,0.46689030011267,0.519090898338292,0.637457685401676,9.58182191499555e-05,0.102250081863685
66735,"TX, Wichita, 48485012700",48485012700,"33.8896798,-98.5347301",0.395989075076332,0.612736844485275,0.413382157123835,0.616194838210132,0.631274710555918,9.58182191499555e-05,0.102250081863685
66736,"TX, Wichita, 48485012800",48485012800,"33.8790525,-98.6404729",0.465402722464666,0.612736844485275,0.583089214380826,0.830618966895721,0.663625408943339,9.58182191499555e-05,0.102250081863685
66737,"TX, Wichita, 48485012900",48485012900,"33.919813,-98.6104915",0.46192551548074,0.612736844485275,0.573230564375704,0.819889173879322,0.663350610061305,9.58182191499555e-05,0.102250081863685
66738,"TX, Wichita, 48485013000",48485013000,"33.934653,-98.5344079",0.42866969130425,0.612736844485275,0.443511215814811,0.781675448815156,0.631748738627426,9.58182191499555e-05,0.102250081863685
66739,"TX, Wichita, 48485013100",48485013100,"33.9817452,-98.5811817",0.467303184046713,0.616241661061169,0.588999283007272,0.809997521562617,0.683460729116978,9.58182191499555e-05,0.105024091313094
66740,"TX, Wichita, 48485013200",48485013200,"33.9988561,-98.5313957",0.457054679380111,0.620416814952569,0.549416163064632,0.77321322165,0.692421779028642,9.58182191499555e-05,0.106764279365673
66741,"TX, Wichita, 48485013300",48485013300,"33.9768763,-98.5237212",0.362182928027239,0.612736844485275,0.375043531701321,0.451222553266576,0.631748738627426,9.58182191499555e-05,0.102250081863685
66742,"TX, Wichita, 48485013401",48485013401,"33.9728782,-98.507598",0.432100902475721,0.612736844485275,0.484712690771279,0.756602629026516,0.636207350488423,9.58182191499555e-05,0.102250081863685
66743,"TX, Wichita, 48485013501",48485013501,"34.0925008,-98.5765672",0.464109397246754,0.632006887941546,0.50827102325105,0.777664574945026,0.755807394743344,9.58182191499555e-05,0.110810684380409
66744,"TX, Wichita, 48485013502",48485013502,"34.0609676,-98.5563478",0.476322904456021,0.632006887941546,0.556637304107344,0.803204504800961,0.755182227286717,9.58182191499555e-05,0.110810684380409
66745,"TX, Wichita, 48485013600",48485013600,"33.9455613,-98.691091",0.454653044191124,0.612736844485275,0.536361774044863,0.811281983962838,0.665191762570931,9.58182191499555e-05,0.102250081863685
66746,"TX, Wichita, 48485013700",48485013700,"34.0300012,-98.9197831",0.470518398740953,0.632006887941546,0.495390761036567,0.826580615962809,0.758225624905241,9.58182191499555e-05,0.110810684380409
66747,"TX, Wichita, 48485013800",48485013800,"34.0140713,-98.782429",0.484057395165361,0.620655837926422,0.631066270613541,0.825948577215891,0.719757452553016,9.58182191499555e-05,0.106820414464144
66748,"TX, Wichita, 48485980000",48485980000,"33.989767,-98.4961491",0.451131991413317,0.616252051693305,0.522298473829765,0.805704231913619,0.657389213961734,9.58182191499555e-05,0.105052158862329
66749,"TX, Wilbarger, 48487950300",48487950300,"34.082338,-99.2342141",0.489350827531787,0.646795641741475,0.647541739219502,0.835395417281754,0.636603335677434,9.58182191499555e-05,0.16967301305141
66750,"TX, Wilbarger, 48487950500",48487950500,"34.1605045,-99.3431397",0.479599984074373,0.66595423290623,0.57101300829663,0.792854262202406,0.667479560882356,9.58182191499555e-05,0.180203021939468
66751,"TX, Wilbarger, 48487950600",48487950600,"34.1271077,-99.3141622",0.475922178692921,0.66595423290623,0.563131209669159,0.778669228541162,0.667479560882356,9.58182191499555e-05,0.180203021939468
66752,"TX, Wilbarger, 48487950700",48487950700,"34.1379109,-99.2549782",0.478041288391902,0.66595423290623,0.57009628188057,0.784315764942877,0.667582610463119,9.58182191499555e-05,0.180203021939468
66885,"TX, Young, 48503950200",48503950200,"33.3225486,-98.6541315",0.468481024107415,0.612736844485275,0.639378264877599,0.831051730634538,0.625373404564243,9.58182191499555e-05,0.102250081863685
66886,"TX, Young, 48503950400",48503950400,"33.1058363,-98.7039598",0.466461950899471,0.61146630541854,0.644217965789204,0.828447216678355,0.607125210443749,9.58182191499555e-05,0.107419188847827
66887,"TX, Young, 48503950500",48503950500,"33.1082416,-98.5861772",0.439528542072735,0.612736844485275,0.504778244392093,0.804316548547583,0.612993714928623,9.58182191499555e-05,0.102250081863685
66888,"TX, Young, 48503950600",48503950600,"33.1002647,-98.5701446",0.443504689260071,0.612736844485275,0.513996722318959,0.818954953744731,0.612993714928623,9.58182191499555e-05,0.102250081863685
